step,Baseline,A only,B only,AB
0,0.0,0.0,0.0,0.0
1,0.0,1499.9684,4156.1235,1499.9684
2,0.0,2999.6545,8414.559,5668.4253
3,0.0,4499.3438,12686.041,7168.1147
4,0.0,5998.7637,16859.023,11395.543
5,0.0,7497.6494,20876.396,12895.238
6,0.0,8996.546,24679.514,17035.852
7,0.0,10495.454,28346.996,18535.29
8,0.0,11994.373,32040.213,22378.725
9,0.0,13492.947,35773.96,23877.654
10,0.0,14991.441,39823.08,27548.56
11,0.0,16489.95,42147.04,29047.512
12,0.0,17988.443,43030.69,32681.346
13,0.0,19486.553,43853.51,34180.316
14,0.0,20984.637,44679.473,37700.445
15,0.0,22482.74,45566.027,39199.438
16,0.0,23980.861,46928.69,42682.03
17,0.0,25479.0,48057.113,44180.715
18,0.0,26977.158,49243.074,47510.81
19,0.0,28475.336,50551.125,49009.434
20,0.0,29973.531,52331.21,52236.965
21,0.0,31471.744,55045.49,53735.617
22,0.0,32969.977,56824.586,56753.46
23,0.0,34468.223,58063.645,58252.12
24,0.0,35966.49,61020.574,61224.95
25,0.0,37464.773,62734.395,62723.312
26,0.0,38962.49,63564.312,65807.12
27,0.0,40459.016,64334.617,67305.445
28,0.0,41955.04,65635.93,70245.25
29,0.0,43451.07,67412.02,71743.6
30,0.0,44947.137,69546.27,73830.914
31,0.0,46443.246,70911.87,75329.3
32,0.0,47939.39,72216.734,77367.7
33,0.0,49434.953,73348.44,78866.125
34,0.0,50930.297,75015.82,81145.734
35,0.0,52425.684,75907.766,82644.18
36,0.0,53921.12,77393.22,84565.66
37,0.0,55416.58,78341.8,86064.13
38,0.0,56912.06,79826.05,88226.73
39,0.0,58407.586,81486.02,89725.234
40,0.0,59903.152,82908.85,92130.01
41,0.0,61398.77,84269.45,93628.55
42,0.0,62894.285,85634.695,95959.016
43,0.0,64389.68,86702.516,97457.58
44,0.0,65885.09,88066.945,100098.16
45,0.0,67380.11,89426.13,101596.75
46,0.0,68875.164,91512.836,104581.44
47,0.0,70370.26,93286.69,106080.06
48,0.0,71865.414,94889.84,109101.73
49,0.0,73360.61,96189.73,110600.375
50,0.0,74855.86,98546.96,113584.91
51,0.0,76351.15,100616.484,115083.24
52,0.0,77846.49,102093.51,118120.83
53,0.0,79341.875,103397.484,119618.44
54,0.0,80837.31,105768.47,122673.78
55,0.0,82332.375,107427.305,124170.945
56,0.0,83826.43,110216.62,127201.266
57,0.0,85319.45,112289.34,128698.29
58,0.0,86811.664,114302.16,131784.38
59,0.0,88303.484,116134.56,133281.44
60,0.0,89795.09,118087.766,136287.8
61,0.0,91286.59,119799.0,137784.92
62,0.0,92778.08,121158.93,140867.0
63,0.0,94269.6,122698.71,142364.17
64,0.0,95761.21,124411.47,145371.0
65,0.0,97252.89,127014.055,146868.03
66,0.0,98744.664,129321.64,149889.64
67,0.0,100236.516,132278.52,151386.34
68,0.0,101728.445,135246.58,154439.86
69,0.0,103220.46,137383.88,155936.58
70,0.0,104712.55,139696.33,159005.86
71,0.0,106204.32,141590.5,160502.64
72,0.0,107695.63,143073.2,163591.98
73,0.0,109186.625,144850.95,165088.83
74,0.0,110675.99,146440.5,168174.53
75,0.0,112163.44,148807.8,169671.42
76,0.0,113649.53,150523.8,172754.28
77,0.0,115133.73,152478.25,174251.22
78,0.0,116616.555,154961.86,177414.53
79,0.0,118098.6,157624.66,178911.53
80,0.0,119580.24,159698.2,182049.67
81,0.0,121060.16,162653.2,183546.73
82,0.0,122538.836,164669.42,186594.89
83,0.0,124016.34,167157.84,188092.0
84,0.0,125493.05,169050.86,191167.23
85,0.0,126969.336,171001.16,192664.31
86,0.0,128445.586,173251.25,195751.77
87,0.0,129921.52,175323.66,197248.81
88,0.0,131397.52,176981.67,200364.4
89,0.0,132873.73,179225.39,201861.31
90,0.0,134350.2,181476.1,204974.7
91,0.0,135826.89,183611.67,206471.56
92,0.0,137303.81,185090.48,209699.92
93,0.0,138780.95,186812.88,211196.84
94,0.0,140258.33,189015.19,214272.81
95,0.0,141735.58,190614.92,215769.78
96,0.0,143211.9,192920.16,218904.25
97,0.0,144687.16,195049.08,220401.28
98,0.0,146161.7,196590.62,223526.11
99,0.0,147635.12,198012.67,225023.19
100,0.0,149107.48,199967.17,228212.66
