sample_id,steps,setting,strategy,relative_change,final_cost,budget_exhaustion_step,A_removed,B_removed
2036,100,normal spread,A only,0.04195775813138136,149107.484375,,745.5374274253845,0.0
2036,100,normal spread,B only,0.01420635550034648,199967.171875,,0.0,999.8358244895935
2036,100,normal spread,AB,-0.0020637143048106584,228212.65625,,374.47994470596313,766.5833520889282
2036,100,normal spread,BA,-0.003485859754558183,229166.359375,,374.48597288131714,771.3458461761475
2036,100,normal spread,A block B,0.04705131477287957,138087.875,,374.27928018569946,316.1601355075836
2036,100,normal spread,B block A,0.02992572747903196,173466.421875,,374.5972547531128,492.73481798171997
2036,100,no spread,A only,-0.014212173462542886,148885.515625,,744.4276142120361,0.0
2036,100,no spread,B only,-0.0006838183424417918,79969.0078125,,0.0,399.8450386226177
2036,100,no spread,AB,-0.029982937440629947,139577.515625,,374.4690399169922,323.41855174303055
2036,100,no spread,BA,-0.031173334062887324,140746.234375,,374.4743399620056,329.2568064928055
2036,100,no spread,A block B,-0.004863677873285476,120934.0078125,,374.27349948883057,230.39654660224915
2036,100,no spread,B block A,-0.028277166333807658,128529.96875,,374.56003618240356,268.0898315310478
