step,changed_B_targets,target_jaccard,mean_abs_score_change,strategy,sample_id
1,0,1.0,0.0017956492956727743,AB,2036
3,0,1.0,0.0018170184921473265,AB,2036
5,0,1.0,0.0018170258263126016,AB,2036
7,0,1.0,0.002681875601410866,AB,2036
9,0,1.0,0.0017079974059015512,AB,2036
11,0,1.0,0.0014918160159140825,AB,2036
13,0,1.0,0.0013837326550856233,AB,2036
15,0,1.0,0.001664825831539929,AB,2036
17,0,1.0,0.003177602542564273,AB,2036
19,0,1.0,0.003588224295526743,AB,2036
21,0,1.0,0.004085462540388107,AB,2036
23,0,1.0,0.002874925499781966,AB,2036
25,0,1.0,0.0029609226621687412,AB,2036
27,0,1.0,0.0024637167807668447,AB,2036
29,0,1.0,0.0012102648615837097,AB,2036
31,0,1.0,0.0012751284521073103,AB,2036
33,0,1.0,0.0012967685470357537,AB,2036
35,0,1.0,0.0013832489494234324,AB,2036
37,0,1.0,0.0019236203515902162,AB,2036
39,0,1.0,0.0025936970487236977,AB,2036
41,0,1.0,0.002658592304214835,AB,2036
43,0,1.0,0.002593799028545618,AB,2036
45,0,1.0,0.0025073860306292772,AB,2036
47,0,1.0,0.0025074337609112263,AB,2036
49,0,1.0,0.0024642462376505136,AB,2036
51,0,1.0,0.003997927065938711,AB,2036
53,0,1.0,0.004579402040690184,AB,2036
55,0,1.0,0.0035849050618708134,AB,2036
57,0,1.0,0.002828670432791114,AB,2036
59,0,1.0,0.0038436015602201223,AB,2036
61,0,1.0,0.0038437501061707735,AB,2036
63,0,1.0,0.002720960881561041,AB,2036
65,0,1.0,0.004448268562555313,AB,2036
67,0,1.0,0.0049005551263689995,AB,2036
69,0,1.0,0.0015543617773801088,AB,2036
71,0,1.0,0.001748732989653945,AB,2036
73,0,1.0,0.0015544954221695662,AB,2036
75,0,1.0,0.0029795498121529818,AB,2036
77,0,1.0,0.002245526295155287,AB,2036
79,0,1.0,0.0017921726685017347,AB,2036
81,0,1.0,0.0018138365121558309,AB,2036
83,0,1.0,0.0031527234241366386,AB,2036
85,0,1.0,0.0033254409208893776,AB,2036
87,0,1.0,0.0023752565030008554,AB,2036
89,0,1.0,0.00343307270668447,AB,2036
91,0,1.0,0.0017488062148913741,AB,2036
93,0,1.0,0.0022238825913518667,AB,2036
95,0,1.0,0.002893326338380575,AB,2036
97,0,1.0,0.0038651209324598312,AB,2036
99,0,1.0,0.0036277410108596087,AB,2036
2,0,1.0,0.0017956505762413144,BA,2036
4,0,1.0,0.001817022101022303,BA,2036
6,0,1.0,0.0018170300172641873,BA,2036
8,0,1.0,0.0026818846818059683,BA,2036
10,0,1.0,0.001708009629510343,BA,2036
12,0,1.0,0.0014918267261236906,BA,2036
14,0,1.0,0.0013837425503879786,BA,2036
16,0,1.0,0.0016648368909955025,BA,2036
18,0,1.0,0.00317764887586236,BA,2036
20,0,1.0,0.003588257357478142,BA,2036
22,0,1.0,0.004085500258952379,BA,2036
24,0,1.0,0.00287496205419302,BA,2036
26,0,1.0,0.0029609776102006435,BA,2036
28,0,1.0,0.0024637470487505198,BA,2036
30,0,1.0,0.0014696236466988921,BA,2036
32,0,1.0,0.001275142072699964,BA,2036
34,0,1.0,0.001296782516874373,BA,2036
36,0,1.0,0.001383263268508017,BA,2036
38,0,1.0,0.001923639327287674,BA,2036
40,0,1.0,0.0025937240570783615,BA,2036
42,0,1.0,0.0026586176827549934,BA,2036
44,0,1.0,0.002593823941424489,BA,2036
46,0,1.0,0.0025074100121855736,BA,2036
48,0,1.0,0.0025074558798223734,BA,2036
50,0,1.0,0.00268043321557343,BA,2036
52,0,1.0,0.00399805698543787,BA,2036
54,0,1.0,0.004579560365527868,BA,2036
56,0,1.0,0.003628225065767765,BA,2036
58,0,1.0,0.002828737022355199,BA,2036
60,0,1.0,0.00377889652736485,BA,2036
62,0,1.0,0.0037358514964580536,BA,2036
64,0,1.0,0.0027210114058107138,BA,2036
66,0,1.0,0.004621103405952454,BA,2036
68,0,1.0,0.004253113642334938,BA,2036
70,0,1.0,0.001381685258820653,BA,2036
72,0,1.0,0.0016408218070864677,BA,2036
74,0,1.0,0.0014897563960403204,BA,2036
76,0,1.0,0.002785290824249387,BA,2036
78,0,1.0,0.0021807982120662928,BA,2036
80,0,1.0,0.0018353941850364208,BA,2036
82,0,1.0,0.0018570594256743789,BA,2036
84,0,1.0,0.002159450203180313,BA,2036
86,0,1.0,0.00336874439381063,BA,2036
88,0,1.0,0.0028287814930081367,BA,2036
90,0,1.0,0.0032604136504232883,BA,2036
92,0,1.0,0.0017272516852244735,BA,2036
94,0,1.0,0.00222392869181931,BA,2036
96,0,1.0,0.0028933838475495577,BA,2036
98,0,1.0,0.0038651968352496624,BA,2036
100,0,1.0,0.003627812024205923,BA,2036
