sample_id,scenario_type,scenario,steps,growth_rate,diffusion_rate,strategy,budget,initial_mean,final_mean,relative_change,winning,final_cost,cumulative_weed,high_density_cells,budget_exhaustion_step
2036,duration,steps_52,52,0.01,0.01,A only,130000.0,0.8605745434761047,0.8805752396583557,0.023241096699726314,False,77846.4921875,45.288536071777344,6284,
2036,duration,steps_52,52,0.01,0.01,B only,130000.0,0.8605745434761047,0.8687198162078857,0.009464924094640236,False,102093.5078125,44.60126495361328,5725,
2036,duration,steps_52,52,0.01,0.01,AB,130000.0,0.8605745434761047,0.8591217994689941,-0.0016881094358689144,True,118120.828125,44.54510498046875,5871,
2036,duration,steps_52,52,0.01,0.01,BA,130000.0,0.8605745434761047,0.8586332201957703,-0.002255845580201475,True,118046.1015625,44.48546600341797,5844,
2036,duration,steps_52,52,0.01,0.01,A block B,130000.0,0.8605745434761047,0.875274658203125,0.01708174479301041,False,88131.203125,45.09723663330078,6111,
2036,duration,steps_52,52,0.01,0.01,B block A,130000.0,0.8605745434761047,0.8675355315208435,0.008088768250826203,False,102536.1640625,44.568904876708984,5808,
2036,duration,steps_100,100,0.01,0.01,A only,250000.0,0.8605745434761047,0.8966823220252991,0.04195775813138136,False,149107.484375,87.94911193847656,6617,
2036,duration,steps_100,100,0.01,0.01,B only,250000.0,0.8605745434761047,0.8728001713752747,0.01420635550034648,False,199967.171875,86.39666748046875,5725,
2036,duration,steps_100,100,0.01,0.01,AB,250000.0,0.8605745434761047,0.8587985634803772,-0.0020637143048106584,True,228212.65625,85.80392456054688,5886,
2036,duration,steps_100,100,0.01,0.01,BA,250000.0,0.8605745434761047,0.8575747013092041,-0.003485859754558183,True,229166.359375,85.67237091064453,5855,
2036,duration,steps_100,100,0.01,0.01,A block B,250000.0,0.8605745434761047,0.9010657072067261,0.04705131477287957,False,138087.875,87.68555450439453,6302,
2036,duration,steps_100,100,0.01,0.01,B block A,250000.0,0.8605745434761047,0.886327862739563,0.02992572747903196,False,173466.421875,86.75254821777344,6053,
2036,duration,steps_156,156,0.01,0.01,A only,390000.0,0.8605745434761047,0.91532301902771,0.0636185162187817,False,230279.234375,138.7012939453125,6933,
2036,duration,steps_156,156,0.01,0.01,B only,390000.0,0.8605745434761047,0.880238950252533,0.022850323572201084,False,307117.0625,135.61590576171875,5725,
2036,duration,steps_156,156,0.01,0.01,AB,390000.0,0.8605745434761047,0.8639200329780579,0.003887506930474313,False,352077.25,134.06399536132812,5886,
2036,duration,steps_156,156,0.01,0.01,BA,390000.0,0.8605745434761047,0.8619132041931152,0.0015555430115365343,False,355276.90625,133.78729248046875,5860,
2036,duration,steps_156,156,0.01,0.01,A block B,390000.0,0.8605745434761047,0.9296696782112122,0.08028954058530778,False,184261.703125,138.95632934570312,6491,
2036,duration,steps_156,156,0.01,0.01,B block A,390000.0,0.8605745434761047,0.8968217372894287,0.042119760673969366,False,271830.0625,136.279052734375,6289,
2036,duration,steps_260,260,0.01,0.01,A only,650000.0,0.8605745434761047,0.934672474861145,0.086102862264247,False,381064.9375,234.9808349609375,6933,
2036,duration,steps_260,260,0.01,0.01,B only,650000.0,0.8605745434761047,0.8841198086738586,0.02735993688896246,False,521844.03125,227.36502075195312,5725,
2036,duration,steps_260,260,0.01,0.01,AB,650000.0,0.8605745434761047,0.8718154430389404,0.013062087006932033,False,587190.5625,224.23704528808594,5905,
2036,duration,steps_260,260,0.01,0.01,BA,650000.0,0.8605745434761047,0.8688838481903076,0.009655531618027234,False,592099.25,223.6737060546875,5877,
2036,duration,steps_260,260,0.01,0.01,A block B,650000.0,0.8605745434761047,0.9759385585784912,0.13405464520992974,False,229393.796875,238.54684448242188,6851,
2036,duration,steps_260,260,0.01,0.01,B block A,650000.0,0.8605745434761047,0.9080614447593689,0.055180462451807015,False,444775.09375,229.29962158203125,6930,
2036,ecology,growth_0.75_diffusion_0.75,100,0.0075,0.0075,A only,250000.0,0.8605745434761047,0.8702455759048462,0.011237878812540063,False,148845.859375,86.4527816772461,6438,
2036,ecology,growth_0.75_diffusion_0.75,100,0.0075,0.0075,B only,250000.0,0.8605745434761047,0.8683550357818604,0.009041043991759272,False,155266.3125,85.85929107666016,5687,
2036,ecology,growth_0.75_diffusion_0.75,100,0.0075,0.0075,AB,250000.0,0.8605745434761047,0.8414502143859863,-0.02222274553099121,True,211486.671875,84.60242462158203,5778,
2036,ecology,growth_0.75_diffusion_0.75,100,0.0075,0.0075,BA,250000.0,0.8605745434761047,0.841053307056427,-0.02268395755796578,True,212263.96875,84.53520965576172,5765,
2036,ecology,growth_0.75_diffusion_0.75,100,0.0075,0.0075,A block B,250000.0,0.8605745434761047,0.8775423169136047,0.019716796837799023,False,136331.4375,86.31597137451172,6191,
2036,ecology,growth_0.75_diffusion_0.75,100,0.0075,0.0075,B block A,250000.0,0.8605745434761047,0.8646572232246399,0.0047441326024402885,False,159680.140625,85.6749496459961,5893,
2036,ecology,growth_0.75_diffusion_1.00,100,0.0075,0.01,A only,250000.0,0.8605745434761047,0.8817880749702454,0.024650428780350803,False,148925.03125,87.1376724243164,6524,
2036,ecology,growth_0.75_diffusion_1.00,100,0.0075,0.01,B only,250000.0,0.8605745434761047,0.8697903156280518,0.010708859821395487,False,185510.765625,86.2166748046875,5707,
2036,ecology,growth_0.75_diffusion_1.00,100,0.0075,0.01,AB,250000.0,0.8605745434761047,0.8509855270385742,-0.011142575050846565,True,225140.40625,85.24649047851562,5825,
2036,ecology,growth_0.75_diffusion_1.00,100,0.0075,0.01,BA,250000.0,0.8605745434761047,0.850681722164154,-0.011495600685549879,True,224653.984375,85.16913604736328,5813,
2036,ecology,growth_0.75_diffusion_1.00,100,0.0075,0.01,A block B,250000.0,0.8605745434761047,0.8886294960975647,0.032600258553010464,False,139168.28125,86.97386932373047,6249,
2036,ecology,growth_0.75_diffusion_1.00,100,0.0075,0.01,B block A,250000.0,0.8605745434761047,0.875645101070404,0.017512204734089692,False,168271.640625,86.26071166992188,5997,
2036,ecology,growth_0.75_diffusion_1.25,100,0.0075,0.0125,A only,250000.0,0.8605745434761047,0.8923431038856506,0.03691552422783002,False,148997.8125,87.7760238647461,6599,
2036,ecology,growth_0.75_diffusion_1.25,100,0.0075,0.0125,B only,250000.0,0.8605745434761047,0.8723185062408447,0.013646653684761338,False,216461.890625,86.42967987060547,5713,
2036,ecology,growth_0.75_diffusion_1.25,100,0.0075,0.0125,AB,250000.0,0.8605745434761047,0.8612727522850037,0.0008113286805796769,False,232346.546875,85.8658676147461,5870,
2036,ecology,growth_0.75_diffusion_1.25,100,0.0075,0.0125,BA,250000.0,0.8605745434761047,0.861076831817627,0.000583666278917956,False,233313.875,85.77804565429688,5856,
2036,ecology,growth_0.75_diffusion_1.25,100,0.0075,0.0125,A block B,250000.0,0.8605745434761047,0.8979454636573792,0.04342554687978878,False,140998.6875,87.59806060791016,6301,
2036,ecology,growth_0.75_diffusion_1.25,100,0.0075,0.0125,B block A,250000.0,0.8605745434761047,0.8849835991859436,0.02836367389075183,False,179195.5,86.7322006225586,6086,
2036,ecology,growth_1.00_diffusion_0.75,100,0.01,0.0075,A only,250000.0,0.8605745434761047,0.8865336179733276,0.030164818020722333,False,149043.59375,87.31258392333984,6522,
2036,ecology,growth_1.00_diffusion_0.75,100,0.01,0.0075,B only,250000.0,0.8605745434761047,0.8690859079360962,0.009890327949525022,False,173215.515625,86.07083129882812,5707,
2036,ecology,growth_1.00_diffusion_0.75,100,0.01,0.0075,AB,250000.0,0.8605745434761047,0.8485564589500427,-0.013965187115014533,True,221182.234375,85.12089538574219,5820,
2036,ecology,growth_1.00_diffusion_0.75,100,0.01,0.0075,BA,250000.0,0.8605745434761047,0.8472837805747986,-0.01544405769617701,True,223122.40625,84.97293853759766,5793,
2036,ecology,growth_1.00_diffusion_0.75,100,0.01,0.0075,A block B,250000.0,0.8605745434761047,0.8895406126976013,0.03365898914984681,False,138837.28125,87.03981018066406,6242,
2036,ecology,growth_1.00_diffusion_0.75,100,0.01,0.0075,B block A,250000.0,0.8605745434761047,0.8760995864868164,0.01804032332632292,False,164264.171875,86.19692993164062,5952,
2036,ecology,growth_1.00_diffusion_1.00,100,0.01,0.01,A only,250000.0,0.8605745434761047,0.8966823220252991,0.04195775813138136,False,149107.484375,87.94911193847656,6617,
2036,ecology,growth_1.00_diffusion_1.00,100,0.01,0.01,B only,250000.0,0.8605745434761047,0.8728001713752747,0.01420635550034648,False,199967.171875,86.39666748046875,5725,
2036,ecology,growth_1.00_diffusion_1.00,100,0.01,0.01,AB,250000.0,0.8605745434761047,0.8587985634803772,-0.0020637143048106584,True,228212.65625,85.80392456054688,5886,
2036,ecology,growth_1.00_diffusion_1.00,100,0.01,0.01,BA,250000.0,0.8605745434761047,0.8575747013092041,-0.003485859754558183,True,229166.359375,85.67237091064453,5855,
2036,ecology,growth_1.00_diffusion_1.00,100,0.01,0.01,A block B,250000.0,0.8605745434761047,0.9010657072067261,0.04705131477287957,False,138087.875,87.68555450439453,6302,
2036,ecology,growth_1.00_diffusion_1.00,100,0.01,0.01,B block A,250000.0,0.8605745434761047,0.886327862739563,0.02992572747903196,False,173466.421875,86.75254821777344,6053,
2036,ecology,growth_1.00_diffusion_1.25,100,0.01,0.0125,A only,250000.0,0.8605745434761047,0.9059388637542725,0.05271399278780472,False,149166.75,88.54129028320312,6692,
2036,ecology,growth_1.00_diffusion_1.25,100,0.01,0.0125,B only,250000.0,0.8605745434761047,0.876798152923584,0.01885206757563091,False,228114.71875,86.62512969970703,5733,
2036,ecology,growth_1.00_diffusion_1.25,100,0.01,0.0125,AB,250000.0,0.8605745434761047,0.8675022721290588,0.008050120359092939,False,236148.53125,86.34793853759766,5923,
2036,ecology,growth_1.00_diffusion_1.25,100,0.01,0.0125,BA,250000.0,0.8605745434761047,0.8673600554466248,0.007884862528133137,False,234438.0,86.28870391845703,5905,
2036,ecology,growth_1.00_diffusion_1.25,100,0.01,0.0125,A block B,250000.0,0.8605745434761047,0.9097908139228821,0.05719001429902733,False,139709.890625,88.28781127929688,6350,
2036,ecology,growth_1.00_diffusion_1.25,100,0.01,0.0125,B block A,250000.0,0.8605745434761047,0.8943907022476196,0.039294862981795665,False,186640.28125,87.16336822509766,6136,
2036,ecology,growth_1.25_diffusion_0.75,100,0.0125,0.0075,A only,250000.0,0.8605745434761047,0.9008374214172363,0.04678604340130537,False,149206.140625,88.11013793945312,6647,
2036,ecology,growth_1.25_diffusion_0.75,100,0.0125,0.0075,B only,250000.0,0.8605745434761047,0.8728540539741516,0.014268967855412557,False,184358.46875,86.26408386230469,5722,
2036,ecology,growth_1.25_diffusion_0.75,100,0.0125,0.0075,AB,250000.0,0.8605745434761047,0.8571766018867493,-0.003948457010627131,True,222447.265625,85.64530944824219,5866,
2036,ecology,growth_1.25_diffusion_0.75,100,0.0125,0.0075,BA,250000.0,0.8605745434761047,0.8562293648719788,-0.005049160049023257,True,224558.03125,85.55055236816406,5850,
2036,ecology,growth_1.25_diffusion_0.75,100,0.0125,0.0075,A block B,250000.0,0.8605745434761047,0.9033076763153076,0.049656515130684246,False,135780.703125,87.79190063476562,6302,
2036,ecology,growth_1.25_diffusion_0.75,100,0.0125,0.0075,B block A,250000.0,0.8605745434761047,0.8853707313537598,0.02881352703915246,False,171261.6875,86.58431243896484,6000,
2036,ecology,growth_1.25_diffusion_1.00,100,0.0125,0.01,A only,250000.0,0.8605745434761047,0.9096789360046387,0.05706001054851955,False,149257.546875,88.69999694824219,6732,
2036,ecology,growth_1.25_diffusion_1.00,100,0.0125,0.01,B only,250000.0,0.8605745434761047,0.8786581754684448,0.02101344053159552,False,208825.953125,86.609375,5742,
2036,ecology,growth_1.25_diffusion_1.00,100,0.0125,0.01,AB,250000.0,0.8605745434761047,0.865269124507904,0.005455170696586692,False,232093.953125,86.21651458740234,5912,
2036,ecology,growth_1.25_diffusion_1.00,100,0.0125,0.01,BA,250000.0,0.8605745434761047,0.865409791469574,0.0056186277297237954,False,232239.203125,86.17581939697266,5909,
2036,ecology,growth_1.25_diffusion_1.00,100,0.0125,0.01,A block B,250000.0,0.8605745434761047,0.9139159917831421,0.06198353031868234,False,134748.40625,88.42499542236328,6359,
2036,ecology,growth_1.25_diffusion_1.00,100,0.0125,0.01,B block A,250000.0,0.8605745434761047,0.8953374028205872,0.04039494266709932,False,180040.375,87.14757537841797,6118,
2036,ecology,growth_1.25_diffusion_1.25,100,0.0125,0.0125,A only,250000.0,0.8605745434761047,0.9177523851394653,0.06644147459022326,False,149305.75,89.24786376953125,6804,
2036,ecology,growth_1.25_diffusion_1.25,100,0.0125,0.0125,B only,250000.0,0.8605745434761047,0.8826678991317749,0.025672797113459614,False,235078.765625,86.8721923828125,5753,
2036,ecology,growth_1.25_diffusion_1.25,100,0.0125,0.0125,AB,250000.0,0.8605745434761047,0.8742029070854187,0.01583635457570606,False,240546.9375,86.7718505859375,5934,
2036,ecology,growth_1.25_diffusion_1.25,100,0.0125,0.0125,BA,250000.0,0.8605745434761047,0.8744610548019409,0.016136325936094535,False,240973.09375,86.7270736694336,5933,
2036,ecology,growth_1.25_diffusion_1.25,100,0.0125,0.0125,A block B,250000.0,0.8605745434761047,0.921531617641449,0.07083299712668856,False,137026.0625,88.98538970947266,6401,
2036,ecology,growth_1.25_diffusion_1.25,100,0.0125,0.0125,B block A,250000.0,0.8605745434761047,0.902550458908081,0.04877661760993265,False,192667.34375,87.53575134277344,6186,
1370,duration,steps_52,52,0.015,0.0025,A only,182000.0,0.8605745434761047,0.8966118693351746,0.04187589109190337,False,38855.19921875,45.688453674316406,6191,
1370,duration,steps_52,52,0.015,0.0025,B only,182000.0,0.8605745434761047,0.8556222915649414,-0.005754587965337413,True,87497.6875,44.215049743652344,5702,
1370,duration,steps_52,52,0.015,0.0025,AB,182000.0,0.8605745434761047,0.8520631194114685,-0.009890397210979741,True,97715.2734375,44.29248046875,5774,
1370,duration,steps_52,52,0.015,0.0025,BA,182000.0,0.8605745434761047,0.8517264723777771,-0.010281585907233286,True,97914.6015625,44.24009704589844,5763,
1370,duration,steps_52,52,0.015,0.0025,A block B,182000.0,0.8605745434761047,0.8744895458221436,0.01616943291145027,False,66598.9375,45.2255744934082,6038,
1370,duration,steps_52,52,0.015,0.0025,B block A,182000.0,0.8605745434761047,0.8659148812294006,0.00620554929701355,False,77357.0546875,44.326393127441406,5702,
1370,duration,steps_100,100,0.015,0.0025,A only,350000.0,0.8605745434761047,0.924765944480896,0.07459133144411172,False,74165.6171875,89.43650817871094,6564,
1370,duration,steps_100,100,0.015,0.0025,B only,350000.0,0.8605745434761047,0.8665193915367126,0.006907998970774783,False,136834.8125,85.58100128173828,5702,
1370,duration,steps_100,100,0.015,0.0025,AB,350000.0,0.8605745434761047,0.8589264154434204,-0.0019151484844381632,True,163220.078125,85.37740325927734,5774,
1370,duration,steps_100,100,0.015,0.0025,BA,350000.0,0.8605745434761047,0.8584920167922974,-0.002419925966431051,True,163557.375,85.28888702392578,5763,
1370,duration,steps_100,100,0.015,0.0025,A block B,350000.0,0.8605745434761047,0.9028515219688416,0.04912645721771888,False,96213.1484375,88.44786071777344,6210,
1370,duration,steps_100,100,0.015,0.0025,B block A,350000.0,0.8605745434761047,0.8854265213012695,0.02887835576076955,False,123084.9296875,85.97384643554688,5739,
1370,duration,steps_156,156,0.015,0.0025,A only,546000.0,0.8605745434761047,0.9460977911949158,0.09937924421207996,False,115209.25,141.87631225585938,6933,
1370,duration,steps_156,156,0.015,0.0025,B only,546000.0,0.8605745434761047,0.871768593788147,0.013007647503522811,False,197915.671875,134.21560668945312,5702,
1370,duration,steps_156,156,0.015,0.0025,AB,546000.0,0.8605745434761047,0.8630363941192627,0.0028607058642634788,False,241592.0625,133.56439208984375,5774,
1370,duration,steps_156,156,0.015,0.0025,BA,546000.0,0.8605745434761047,0.86259526014328,0.0023481018378873316,False,241992.203125,133.41989135742188,5763,
1370,duration,steps_156,156,0.015,0.0025,A block B,546000.0,0.8605745434761047,0.9276371598243713,0.07792772497938606,False,127116.5859375,140.48016357421875,6389,
1370,duration,steps_156,156,0.015,0.0025,B block A,546000.0,0.8605745434761047,0.9065791964530945,0.053458068595852136,False,173393.03125,135.41107177734375,5947,
1370,duration,steps_260,260,0.015,0.0025,A only,910000.0,0.8605745434761047,0.9619529247283936,0.11780313747463732,False,191539.90625,241.27752685546875,6933,
1370,duration,steps_260,260,0.015,0.0025,B only,910000.0,0.8605745434761047,0.8730629086494446,0.014511659992748326,False,317449.65625,224.95140075683594,5702,
1370,duration,steps_260,260,0.015,0.0025,AB,910000.0,0.8605745434761047,0.863971471786499,0.003947279565896906,False,393847.28125,223.36483764648438,5774,
1370,duration,steps_260,260,0.015,0.0025,BA,910000.0,0.8605745434761047,0.8634671568870544,0.0033612583975185005,False,394620.65625,223.1043243408203,5763,
1370,duration,steps_260,260,0.015,0.0025,A block B,910000.0,0.8605745434761047,0.9840450882911682,0.14347454935900256,False,114904.640625,243.02593994140625,6855,
1370,duration,steps_260,260,0.015,0.0025,B block A,910000.0,0.8605745434761047,0.9350090026855469,0.0864939124375911,False,268518.90625,228.78988647460938,6892,
1370,ecology,growth_0.75_diffusion_0.75,100,0.01125,0.001875,A only,350000.0,0.8605745434761047,0.9029862284660339,0.049282988105384076,False,73946.203125,88.15817260742188,6317,
1370,ecology,growth_0.75_diffusion_0.75,100,0.01125,0.001875,B only,350000.0,0.8605745434761047,0.8590224385261536,-0.0018035682808856738,True,114658.9375,85.11688995361328,5683,
1370,ecology,growth_0.75_diffusion_0.75,100,0.01125,0.001875,AB,350000.0,0.8605745434761047,0.8481242656707764,-0.014467401923182813,True,143992.984375,84.69168853759766,5739,
1370,ecology,growth_0.75_diffusion_0.75,100,0.01125,0.001875,BA,350000.0,0.8605745434761047,0.8474886417388916,-0.015206006076307423,True,144748.4375,84.59766387939453,5727,
1370,ecology,growth_0.75_diffusion_0.75,100,0.01125,0.001875,A block B,350000.0,0.8605745434761047,0.8851833343505859,0.028595769025515572,False,91146.671875,87.25584411621094,6119,
1370,ecology,growth_0.75_diffusion_0.75,100,0.01125,0.001875,B block A,350000.0,0.8605745434761047,0.8712171316146851,0.012366840524461587,False,107960.5625,85.397705078125,5684,
1370,ecology,growth_0.75_diffusion_1.00,100,0.01125,0.0025,A only,350000.0,0.8605745434761047,0.9057833552360535,0.052533289652442555,False,73953.09375,88.33587646484375,6355,
1370,ecology,growth_0.75_diffusion_1.00,100,0.01125,0.0025,B only,350000.0,0.8605745434761047,0.8609896302223206,0.00048233677066389526,False,120471.9609375,85.21864318847656,5689,
1370,ecology,growth_0.75_diffusion_1.00,100,0.01125,0.0025,AB,350000.0,0.8605745434761047,0.8492568135261536,-0.013151365022064968,True,150963.734375,84.79630279541016,5744,
1370,ecology,growth_0.75_diffusion_1.00,100,0.01125,0.0025,BA,350000.0,0.8605745434761047,0.8487529754638672,-0.01373683209880562,True,151463.890625,84.7083969116211,5733,
1370,ecology,growth_0.75_diffusion_1.00,100,0.01125,0.0025,A block B,350000.0,0.8605745434761047,0.8874204158782959,0.031195289944033283,False,93282.09375,87.40614318847656,6130,
1370,ecology,growth_0.75_diffusion_1.00,100,0.01125,0.0025,B block A,350000.0,0.8605745434761047,0.8749046921730042,0.016651838943568885,False,110381.6640625,85.57197570800781,5699,
1370,ecology,growth_0.75_diffusion_1.25,100,0.01125,0.003125,A only,350000.0,0.8605745434761047,0.9084565043449402,0.055639527373685285,False,73960.4609375,88.507568359375,6386,
1370,ecology,growth_0.75_diffusion_1.25,100,0.01125,0.003125,B only,350000.0,0.8605745434761047,0.8617667555809021,0.0013853676172916763,False,128193.828125,85.28485870361328,5690,
1370,ecology,growth_0.75_diffusion_1.25,100,0.01125,0.003125,AB,350000.0,0.8605745434761047,0.8520508408546448,-0.009904665070651878,True,154490.09375,84.96752166748047,5760,
1370,ecology,growth_0.75_diffusion_1.25,100,0.01125,0.003125,BA,350000.0,0.8605745434761047,0.851045548915863,-0.01107282876594442,True,155990.171875,84.87737274169922,5748,
1370,ecology,growth_0.75_diffusion_1.25,100,0.01125,0.003125,A block B,350000.0,0.8605745434761047,0.8909327983856201,0.03527672894772111,False,92903.5078125,87.59573364257812,6154,
1370,ecology,growth_0.75_diffusion_1.25,100,0.01125,0.003125,B block A,350000.0,0.8605745434761047,0.8781112432479858,0.020377897423092945,False,113427.765625,85.7091064453125,5736,
1370,ecology,growth_1.00_diffusion_0.75,100,0.015,0.001875,A only,350000.0,0.8605745434761047,0.9224603772163391,0.07191222911412175,False,74159.765625,89.27537536621094,6532,
1370,ecology,growth_1.00_diffusion_0.75,100,0.015,0.001875,B only,350000.0,0.8605745434761047,0.8652940988540649,0.005484191246113999,False,129781.8984375,85.52458190917969,5702,
1370,ecology,growth_1.00_diffusion_0.75,100,0.015,0.001875,AB,350000.0,0.8605745434761047,0.857154130935669,-0.0039745685790562365,True,157749.6875,85.23897552490234,5763,
1370,ecology,growth_1.00_diffusion_0.75,100,0.015,0.001875,BA,350000.0,0.8605745434761047,0.8559961915016174,-0.0053201108598844235,True,159297.65625,85.12269592285156,5748,
1370,ecology,growth_1.00_diffusion_0.75,100,0.015,0.001875,A block B,350000.0,0.8605745434761047,0.8993284106254578,0.04503255115218161,False,96771.5390625,88.25350189208984,6183,
1370,ecology,growth_1.00_diffusion_0.75,100,0.015,0.001875,B block A,350000.0,0.8605745434761047,0.8822745680809021,0.025215740773768192,False,119642.3984375,85.84981536865234,5709,
1370,ecology,growth_1.00_diffusion_1.00,100,0.015,0.0025,A only,350000.0,0.8605745434761047,0.924765944480896,0.07459133144411172,False,74165.6171875,89.43650817871094,6564,
1370,ecology,growth_1.00_diffusion_1.00,100,0.015,0.0025,B only,350000.0,0.8605745434761047,0.8665193915367126,0.006907998970774783,False,136834.8125,85.58100128173828,5702,
1370,ecology,growth_1.00_diffusion_1.00,100,0.015,0.0025,AB,350000.0,0.8605745434761047,0.8589264154434204,-0.0019151484844381632,True,163220.078125,85.37740325927734,5774,
1370,ecology,growth_1.00_diffusion_1.00,100,0.015,0.0025,BA,350000.0,0.8605745434761047,0.8584920167922974,-0.002419925966431051,True,163557.375,85.28888702392578,5763,
1370,ecology,growth_1.00_diffusion_1.00,100,0.015,0.0025,A block B,350000.0,0.8605745434761047,0.9028515219688416,0.04912645721771888,False,96213.1484375,88.44786071777344,6210,
1370,ecology,growth_1.00_diffusion_1.00,100,0.015,0.0025,B block A,350000.0,0.8605745434761047,0.8854265213012695,0.02887835576076955,False,123084.9296875,85.97384643554688,5739,
1370,ecology,growth_1.00_diffusion_1.25,100,0.015,0.003125,A only,350000.0,0.8605745434761047,0.9269586801528931,0.07713932184031841,False,74171.8359375,89.59175872802734,6601,
1370,ecology,growth_1.00_diffusion_1.25,100,0.015,0.003125,B only,350000.0,0.8605745434761047,0.867276668548584,0.007787965752981099,False,144462.8125,85.63353729248047,5702,
1370,ecology,growth_1.00_diffusion_1.25,100,0.015,0.003125,AB,350000.0,0.8605745434761047,0.8612923622131348,0.0008341156991822647,False,167513.65625,85.52638244628906,5786,
1370,ecology,growth_1.00_diffusion_1.25,100,0.015,0.003125,BA,350000.0,0.8605745434761047,0.8601074814796448,-0.0005427327591789609,True,169034.046875,85.40958404541016,5771,
1370,ecology,growth_1.00_diffusion_1.25,100,0.015,0.003125,A block B,350000.0,0.8605745434761047,0.9044435024261475,0.05097636141181164,False,98323.0625,88.59516906738281,6222,
1370,ecology,growth_1.00_diffusion_1.25,100,0.015,0.003125,B block A,350000.0,0.8605745434761047,0.8883489370346069,0.032274244885647604,False,126451.4375,86.09054565429688,5784,
1370,ecology,growth_1.25_diffusion_0.75,100,0.01875,0.001875,A only,350000.0,0.8605745434761047,0.9383869767189026,0.09041916686088733,False,74330.125,90.27715301513672,6777,
1370,ecology,growth_1.25_diffusion_0.75,100,0.01875,0.001875,B only,350000.0,0.8605745434761047,0.8686370849609375,0.009368789195490109,False,146931.484375,85.8945541381836,5722,
1370,ecology,growth_1.25_diffusion_0.75,100,0.01875,0.001875,AB,350000.0,0.8605745434761047,0.8657141327857971,0.005972276717519581,False,167238.546875,85.95649719238281,5821,
1370,ecology,growth_1.25_diffusion_0.75,100,0.01875,0.001875,BA,350000.0,0.8605745434761047,0.8634123206138611,0.0032975378591769177,False,172459.484375,85.73712158203125,5790,
1370,ecology,growth_1.25_diffusion_0.75,100,0.01875,0.001875,A block B,350000.0,0.8605745434761047,0.9072703719139099,0.05426122442477496,False,107384.1328125,89.10700225830078,6234,
1370,ecology,growth_1.25_diffusion_0.75,100,0.01875,0.001875,B block A,350000.0,0.8605745434761047,0.8957517743110657,0.04087644830030659,False,126175.1484375,86.43785858154297,5753,
1370,ecology,growth_1.25_diffusion_1.00,100,0.01875,0.0025,A only,350000.0,0.8605745434761047,0.9402427673339844,0.09257562225356687,False,74335.125,90.42192840576172,6804,
1370,ecology,growth_1.25_diffusion_1.00,100,0.01875,0.0025,B only,350000.0,0.8605745434761047,0.8693569898605347,0.010205329045587543,False,154622.171875,85.96375274658203,5725,
1370,ecology,growth_1.25_diffusion_1.00,100,0.01875,0.0025,AB,350000.0,0.8605745434761047,0.8686181902885437,0.009346833314344152,False,170598.46875,86.1664810180664,5843,
1370,ecology,growth_1.25_diffusion_1.00,100,0.01875,0.0025,BA,350000.0,0.8605745434761047,0.8654550909996033,0.005671266435310321,False,176640.640625,85.89302825927734,5804,
1370,ecology,growth_1.25_diffusion_1.00,100,0.01875,0.0025,A block B,350000.0,0.8605745434761047,0.9098414182662964,0.05724881727408385,False,107865.90625,89.28780364990234,6259,
1370,ecology,growth_1.25_diffusion_1.00,100,0.01875,0.0025,B block A,350000.0,0.8605745434761047,0.899400532245636,0.04511635751239174,False,128385.46875,86.60712432861328,5821,
1370,ecology,growth_1.25_diffusion_1.25,100,0.01875,0.003125,A only,350000.0,0.8605745434761047,0.9419890642166138,0.09460484435392742,False,74340.390625,90.56092071533203,6826,
1370,ecology,growth_1.25_diffusion_1.25,100,0.01875,0.003125,B only,350000.0,0.8605745434761047,0.8692853450775146,0.01012207677701517,False,163803.015625,85.99240112304688,5723,
1370,ecology,growth_1.25_diffusion_1.25,100,0.01875,0.003125,AB,350000.0,0.8605745434761047,0.8704383373260498,0.011461870357101672,False,174766.078125,86.32137298583984,5858,
1370,ecology,growth_1.25_diffusion_1.25,100,0.01875,0.003125,BA,350000.0,0.8605745434761047,0.8690325617790222,0.009828338947551417,False,177634.546875,86.14579772949219,5834,
1370,ecology,growth_1.25_diffusion_1.25,100,0.01875,0.003125,A block B,350000.0,0.8605745434761047,0.9123722910881042,0.06018972790291206,False,108073.0,89.44686126708984,6279,
1370,ecology,growth_1.25_diffusion_1.25,100,0.01875,0.003125,B block A,350000.0,0.8605745434761047,0.9021928310394287,0.04836104888161798,False,132147.15625,86.7150650024414,5877,
