sample_id,strategy,step,policy,treated,A_to_B_band,next_B_treated,removed,cost
2036,AB,1,A,50,0,0,7.499841690063477,1499.9683837890625
2036,AB,2,B,50,0,0,20.842287063598633,4168.45703125
2036,AB,3,A,50,0,0,7.498446464538574,1499.6893310546875
2036,AB,4,B,50,0,0,21.13713836669922,4227.427734375
2036,AB,5,A,50,0,0,7.498477458953857,1499.6954345703125
2036,AB,6,B,50,0,0,20.70307159423828,4140.6142578125
2036,AB,7,A,50,0,0,7.497187614440918,1499.4375
2036,AB,8,B,50,0,0,19.217180252075195,3843.435546875
2036,AB,9,A,50,0,0,7.494647026062012,1498.9295654296875
2036,AB,10,B,50,0,0,18.35452651977539,3670.9052734375
2036,AB,11,A,50,0,0,7.494754791259766,1498.9508056640625
2036,AB,12,B,50,0,0,18.169170379638672,3633.83447265625
2036,AB,13,A,50,0,0,7.494858741760254,1498.9718017578125
2036,AB,14,B,50,0,0,17.600637435913086,3520.127197265625
2036,AB,15,A,50,0,0,7.494960784912109,1498.9921875
2036,AB,16,B,50,0,0,17.4129695892334,3482.593994140625
2036,AB,17,A,50,0,0,7.493425369262695,1498.68505859375
2036,AB,18,B,50,0,0,16.650470733642578,3330.094482421875
2036,AB,19,A,50,0,0,7.493121147155762,1498.624267578125
2036,AB,20,B,50,0,0,16.137657165527344,3227.531005859375
2036,AB,21,A,50,0,0,7.493257522583008,1498.6514892578125
2036,AB,22,B,50,0,0,15.089225769042969,3017.84521484375
2036,AB,23,A,50,0,0,7.493300437927246,1498.6600341796875
2036,AB,24,B,50,0,0,14.864130020141602,2972.826171875
2036,AB,25,A,50,0,0,7.491813659667969,1498.36279296875
2036,AB,26,B,50,0,0,15.41904354095459,3083.80859375
2036,AB,27,A,50,0,0,7.4916157722473145,1498.322998046875
2036,AB,28,B,44,0,0,14.699044227600098,2939.808837890625
2036,AB,29,A,50,0,0,7.491755962371826,1498.351318359375
2036,AB,30,B,35,0,0,10.43655776977539,2087.3115234375
2036,AB,31,A,50,0,0,7.49191951751709,1498.3837890625
2036,AB,32,B,34,0,0,10.192037582397461,2038.40771484375
2036,AB,33,A,50,0,0,7.4920806884765625,1498.4161376953125
2036,AB,34,B,38,0,0,11.398056983947754,2279.611328125
2036,AB,35,A,50,0,0,7.4922380447387695,1498.44775390625
2036,AB,36,B,32,0,0,9.607366561889648,1921.4732666015625
2036,AB,37,A,50,0,0,7.492392539978027,1498.4783935546875
2036,AB,38,B,36,0,0,10.812952995300293,2162.590576171875
2036,AB,39,A,50,0,0,7.4925432205200195,1498.5086669921875
2036,AB,40,B,40,0,0,12.023881912231445,2404.7763671875
2036,AB,41,A,50,0,0,7.492692470550537,1498.5384521484375
2036,AB,42,B,39,0,0,11.652335166931152,2330.46728515625
2036,AB,43,A,50,0,0,7.492836952209473,1498.567626953125
2036,AB,44,B,44,0,0,13.202863693237305,2640.57275390625
2036,AB,45,A,50,0,0,7.492979049682617,1498.5958251953125
2036,AB,46,B,50,0,0,14.92345142364502,2984.690185546875
2036,AB,47,A,50,0,0,7.493119239807129,1498.6239013671875
2036,AB,48,B,50,0,0,15.10831356048584,3021.662353515625
2036,AB,49,A,50,0,0,7.493255615234375,1498.651123046875
2036,AB,50,B,50,0,0,14.922624588012695,2984.52490234375
2036,AB,51,A,50,0,0,7.491687774658203,1498.33740234375
2036,AB,52,B,50,0,0,15.187955856323242,3037.591064453125
2036,AB,53,A,50,0,0,7.488014221191406,1497.602783203125
2036,AB,54,B,50,0,0,15.276744842529297,3055.348876953125
2036,AB,55,A,50,0,0,7.485793590545654,1497.15869140625
2036,AB,56,B,50,0,0,15.151626586914062,3030.3251953125
2036,AB,57,A,50,0,0,7.485099792480469,1497.02001953125
2036,AB,58,B,50,0,0,15.430438995361328,3086.087890625
2036,AB,59,A,50,0,0,7.485305309295654,1497.0609130859375
2036,AB,60,B,50,0,0,15.031817436218262,3006.363525390625
2036,AB,61,A,50,0,0,7.485593795776367,1497.118896484375
2036,AB,62,B,50,0,0,15.410377502441406,3082.075439453125
2036,AB,63,A,50,0,0,7.485879898071289,1497.176025390625
2036,AB,64,B,50,0,0,15.034173965454102,3006.83447265625
2036,AB,65,A,50,0,0,7.485172271728516,1497.034423828125
2036,AB,66,B,50,0,0,15.108004570007324,3021.600830078125
2036,AB,67,A,50,0,0,7.483525276184082,1496.7052001953125
2036,AB,68,B,50,0,0,15.267566680908203,3053.513427734375
2036,AB,69,A,50,0,0,7.483604431152344,1496.720947265625
2036,AB,70,B,50,0,0,15.346393585205078,3069.27880859375
2036,AB,71,A,50,0,0,7.4839301109313965,1496.7861328125
2036,AB,72,B,50,0,0,15.446678161621094,3089.3359375
2036,AB,73,A,50,0,0,7.484248638153076,1496.849853515625
2036,AB,74,B,50,0,0,15.42848014831543,3085.69580078125
2036,AB,75,A,50,0,0,7.484498500823975,1496.899658203125
2036,AB,76,B,50,0,0,15.414260864257812,3082.852294921875
2036,AB,77,A,50,0,0,7.484719753265381,1496.944091796875
2036,AB,78,B,50,0,0,15.816547393798828,3163.3095703125
2036,AB,79,A,50,0,0,7.485018730163574,1497.003662109375
2036,AB,80,B,50,0,0,15.690654754638672,3138.130859375
2036,AB,81,A,50,0,0,7.485315799713135,1497.063232421875
2036,AB,82,B,50,0,0,15.240802764892578,3048.16064453125
2036,AB,83,A,50,0,0,7.485584259033203,1497.1168212890625
2036,AB,84,B,50,0,0,15.376147270202637,3075.2294921875
2036,AB,85,A,50,0,0,7.4853692054748535,1497.0738525390625
2036,AB,86,B,50,0,0,15.4373140335083,3087.462890625
2036,AB,87,A,50,0,0,7.485213279724121,1497.0426025390625
2036,AB,88,B,50,0,0,15.577935218811035,3115.587158203125
2036,AB,89,A,50,0,0,7.484576225280762,1496.915283203125
2036,AB,90,B,50,0,0,15.56694507598877,3113.38916015625
2036,AB,91,A,50,0,0,7.484240531921387,1496.84814453125
2036,AB,92,B,50,0,0,16.14185905456543,3228.371826171875
2036,AB,93,A,50,0,0,7.484553813934326,1496.9107666015625
2036,AB,94,B,50,0,0,15.379846572875977,3075.96923828125
2036,AB,95,A,50,0,0,7.484860897064209,1496.97216796875
2036,AB,96,B,50,0,0,15.67237663269043,3134.475341796875
2036,AB,97,A,50,0,0,7.485161781311035,1497.0322265625
2036,AB,98,B,50,0,0,15.6240873336792,3124.817626953125
2036,AB,99,A,50,0,0,7.4854559898376465,1497.09130859375
2036,AB,100,B,50,0,0,15.947324752807617,3189.46484375
2036,BA,1,B,50,0,0,20.78061866760254,4156.12353515625
2036,BA,2,A,50,0,0,7.499843120574951,1499.9686279296875
2036,BA,3,B,50,0,0,21.38896369934082,4277.79248046875
2036,BA,4,A,50,0,0,7.498461723327637,1499.6922607421875
2036,BA,5,B,50,0,0,21.255321502685547,4251.064453125
2036,BA,6,A,50,0,0,7.498492240905762,1499.698486328125
2036,BA,7,B,50,0,0,19.865976333618164,3973.195556640625
2036,BA,8,A,50,0,0,7.497216701507568,1499.443359375
2036,BA,9,B,50,0,0,18.549442291259766,3709.888916015625
2036,BA,10,A,50,0,0,7.494700908660889,1498.9403076171875
2036,BA,11,B,50,0,0,17.852447509765625,3570.489501953125
2036,BA,12,A,50,0,0,7.494806289672852,1498.9613037109375
2036,BA,13,B,50,0,0,17.296688079833984,3459.337646484375
2036,BA,14,A,50,0,0,7.494909286499023,1498.9820556640625
2036,BA,15,B,50,0,0,17.30814552307129,3461.629150390625
2036,BA,16,A,50,0,0,7.495011329650879,1499.0023193359375
2036,BA,17,B,50,0,0,17.033344268798828,3406.6689453125
2036,BA,18,A,50,0,0,7.493519306182861,1498.703857421875
2036,BA,19,B,50,0,0,16.329139709472656,3265.827880859375
2036,BA,20,A,50,0,0,7.493189811706543,1498.637939453125
2036,BA,21,B,50,0,0,15.6864652633667,3137.29296875
2036,BA,22,A,50,0,0,7.493325233459473,1498.6650390625
2036,BA,23,B,50,0,0,16.332733154296875,3266.547119140625
2036,BA,24,A,50,0,0,7.493378162384033,1498.67578125
2036,BA,25,B,50,0,0,16.434276580810547,3286.85498046875
2036,BA,26,A,50,0,0,7.49193811416626,1498.3875732421875
2036,BA,27,B,50,0,0,15.118949890136719,3023.7900390625
2036,BA,28,A,50,0,0,7.491703987121582,1498.3408203125
2036,BA,29,B,44,0,0,13.16314697265625,2632.62939453125
2036,BA,30,A,50,0,0,7.4918389320373535,1498.36767578125
2036,BA,31,B,28,0,0,8.40627384185791,1681.254638671875
2036,BA,32,A,50,0,0,7.492000579833984,1498.400146484375
2036,BA,33,B,31,0,0,9.337540626525879,1867.5081787109375
2036,BA,34,A,50,0,0,7.492159843444824,1498.4320068359375
2036,BA,35,B,43,0,0,12.975751876831055,2595.150390625
2036,BA,36,A,50,0,0,7.492315292358398,1498.4630126953125
2036,BA,37,B,36,0,0,10.856050491333008,2171.210205078125
2036,BA,38,A,50,0,0,7.492468357086182,1498.49365234375
2036,BA,39,B,32,0,0,9.559615135192871,1911.9228515625
2036,BA,40,A,50,0,0,7.492618560791016,1498.523681640625
2036,BA,41,B,32,0,0,9.587360382080078,1917.4720458984375
2036,BA,42,A,50,0,0,7.492764472961426,1498.5528564453125
2036,BA,43,B,34,0,0,10.206903457641602,2041.3807373046875
2036,BA,44,A,50,0,0,7.492908477783203,1498.581787109375
2036,BA,45,B,50,0,0,14.93446159362793,2986.892333984375
2036,BA,46,A,50,0,0,7.4930500984191895,1498.60986328125
2036,BA,47,B,50,0,0,15.060892105102539,3012.178466796875
2036,BA,48,A,50,0,0,7.493186950683594,1498.637451171875
2036,BA,49,B,50,0,0,15.19083023071289,3038.166015625
2036,BA,50,A,50,0,0,7.49332332611084,1498.66455078125
2036,BA,51,B,50,0,0,14.878130912780762,2975.626220703125
2036,BA,52,A,50,0,0,7.4918904304504395,1498.3780517578125
2036,BA,53,B,50,0,0,15.306687355041504,3061.337646484375
2036,BA,54,A,50,0,0,7.488236904144287,1497.6473388671875
2036,BA,55,B,50,0,0,15.303784370422363,3060.7568359375
2036,BA,56,A,50,0,0,7.486031532287598,1497.206298828125
2036,BA,57,B,50,0,0,15.328856468200684,3065.771728515625
2036,BA,58,A,50,0,0,7.485263824462891,1497.052734375
2036,BA,59,B,50,0,0,15.453989028930664,3090.798095703125
2036,BA,60,A,50,0,0,7.485452651977539,1497.0904541015625
2036,BA,61,B,50,0,0,15.741616249084473,3148.322998046875
2036,BA,62,A,50,0,0,7.4857378005981445,1497.147705078125
2036,BA,63,B,50,0,0,15.560123443603516,3112.02490234375
2036,BA,64,A,50,0,0,7.486020565032959,1497.2041015625
2036,BA,65,B,50,0,0,15.320937156677246,3064.1875
2036,BA,66,A,50,0,0,7.485405445098877,1497.0811767578125
2036,BA,67,B,50,0,0,15.398748397827148,3079.74951171875
2036,BA,68,A,50,0,0,7.48381233215332,1496.762451171875
2036,BA,69,B,50,0,0,15.342456817626953,3068.491455078125
2036,BA,70,A,50,0,0,7.483767509460449,1496.7535400390625
2036,BA,71,B,50,0,0,15.56861400604248,3113.72265625
2036,BA,72,A,50,0,0,7.484090328216553,1496.818115234375
2036,BA,73,B,50,0,0,15.872476577758789,3174.495361328125
2036,BA,74,A,50,0,0,7.484405994415283,1496.8812255859375
2036,BA,75,B,50,0,0,15.636456489562988,3127.291015625
2036,BA,76,A,50,0,0,7.484678268432617,1496.9356689453125
2036,BA,77,B,50,0,0,16.00338363647461,3200.6767578125
2036,BA,78,A,50,0,0,7.484877586364746,1496.975341796875
2036,BA,79,B,50,0,0,15.93011474609375,3186.02294921875
2036,BA,80,A,50,0,0,7.485167980194092,1497.033447265625
2036,BA,81,B,50,0,0,15.74720573425293,3149.441162109375
2036,BA,82,A,50,0,0,7.485462188720703,1497.0924072265625
2036,BA,83,B,50,0,0,15.34747314453125,3069.494384765625
2036,BA,84,A,50,0,0,7.485746383666992,1497.149169921875
2036,BA,85,B,50,0,0,15.349714279174805,3069.94287109375
2036,BA,86,A,50,0,0,7.485604763031006,1497.1209716796875
2036,BA,87,B,50,0,0,15.481314659118652,3096.262939453125
2036,BA,88,A,50,0,0,7.485382556915283,1497.076416015625
2036,BA,89,B,50,0,0,15.502617835998535,3100.523681640625
2036,BA,90,A,50,0,0,7.484777450561523,1496.9554443359375
2036,BA,91,B,50,0,0,15.941493034362793,3188.29833984375
2036,BA,92,A,50,0,0,7.484398365020752,1496.879638671875
2036,BA,93,B,50,0,0,16.00530242919922,3201.060791015625
2036,BA,94,A,50,0,0,7.484708309173584,1496.9415283203125
2036,BA,95,B,50,0,0,15.928747177124023,3185.74951171875
2036,BA,96,A,50,0,0,7.485012054443359,1497.00244140625
2036,BA,97,B,50,0,0,16.46342658996582,3292.685302734375
2036,BA,98,A,50,0,0,7.485309600830078,1497.0618896484375
2036,BA,99,B,50,0,0,16.420827865600586,3284.166015625
2036,BA,100,A,50,0,0,7.485601425170898,1497.1202392578125
