step,policy,medium_cells_before_removal,high_cells_before_removal,medium_removed,high_removed,cost,setting,strategy,sample_id
1,A,650,5519,0.0,7.499841690063477,1499.9683837890625,normal spread,A only,2036
2,A,602,5569,0.0,7.498430252075195,1499.6861572265625,normal spread,A only,2036
3,A,589,5593,0.0,7.498446464538574,1499.6893310546875,normal spread,A only,2036
4,A,566,5636,0.0,7.497098922729492,1499.4197998046875,normal spread,A only,2036
5,A,541,5674,0.0,7.494428634643555,1498.8857421875,normal spread,A only,2036
6,A,473,5754,0.0,7.494484901428223,1498.8968505859375,normal spread,A only,2036
7,A,462,5777,0.0,7.494539260864258,1498.90771484375,normal spread,A only,2036
8,A,446,5808,0.0,7.494593620300293,1498.9188232421875,normal spread,A only,2036
9,A,441,5823,0.0,7.492870807647705,1498.57421875,normal spread,A only,2036
10,A,444,5835,0.0,7.492470741271973,1498.494140625,normal spread,A only,2036
11,A,433,5857,0.0,7.492545127868652,1498.509033203125,normal spread,A only,2036
12,A,425,5880,0.0,7.492462158203125,1498.492431640625,normal spread,A only,2036
13,A,440,5886,0.0,7.490553855895996,1498.1107177734375,normal spread,A only,2036
14,A,440,5900,0.0,7.490419387817383,1498.0841064453125,normal spread,A only,2036
15,A,435,5914,0.0,7.490509986877441,1498.10205078125,normal spread,A only,2036
16,A,443,5918,0.0,7.490605354309082,1498.12109375,normal spread,A only,2036
17,A,442,5934,0.0,7.490699768066406,1498.1397705078125,normal spread,A only,2036
18,A,440,5946,0.0,7.490792274475098,1498.158447265625,normal spread,A only,2036
19,A,442,5958,0.0,7.490884780883789,1498.1768798828125,normal spread,A only,2036
20,A,436,5978,0.0,7.4909749031066895,1498.195068359375,normal spread,A only,2036
21,A,441,5991,0.0,7.49106502532959,1498.213134765625,normal spread,A only,2036
22,A,444,5997,0.0,7.491154670715332,1498.23095703125,normal spread,A only,2036
23,A,444,6006,0.0,7.491243839263916,1498.2489013671875,normal spread,A only,2036
24,A,467,6018,0.0,7.491332054138184,1498.2662353515625,normal spread,A only,2036
25,A,462,6029,0.0,7.49141788482666,1498.2835693359375,normal spread,A only,2036
26,A,453,6044,0.0,7.488575458526611,1497.7149658203125,normal spread,A only,2036
27,A,446,6060,0.0,7.482631683349609,1496.5263671875,normal spread,A only,2036
28,A,439,6073,0.0,7.480129241943359,1496.0260009765625,normal spread,A only,2036
29,A,443,6081,0.0,7.480146408081055,1496.0291748046875,normal spread,A only,2036
30,A,450,6087,0.0,7.48034143447876,1496.0682373046875,normal spread,A only,2036
31,A,444,6096,0.0,7.480536937713623,1496.107421875,normal spread,A only,2036
32,A,437,6114,0.0,7.480731964111328,1496.146240234375,normal spread,A only,2036
33,A,438,6124,0.0,7.477801322937012,1495.5601806640625,normal spread,A only,2036
34,A,444,6126,0.0,7.476714134216309,1495.3428955078125,normal spread,A only,2036
35,A,439,6137,0.0,7.476945877075195,1495.38916015625,normal spread,A only,2036
36,A,442,6142,0.0,7.477176189422607,1495.4351806640625,normal spread,A only,2036
37,A,445,6148,0.0,7.477296352386475,1495.459228515625,normal spread,A only,2036
38,A,453,6153,0.0,7.477402210235596,1495.4803466796875,normal spread,A only,2036
39,A,451,6166,0.0,7.477626323699951,1495.525146484375,normal spread,A only,2036
40,A,443,6180,0.0,7.477849006652832,1495.56982421875,normal spread,A only,2036
41,A,433,6201,0.0,7.478070259094238,1495.614013671875,normal spread,A only,2036
42,A,436,6209,0.0,7.4775848388671875,1495.5169677734375,normal spread,A only,2036
43,A,446,6213,0.0,7.4769768714904785,1495.395263671875,normal spread,A only,2036
44,A,452,6222,0.0,7.477061748504639,1495.412353515625,normal spread,A only,2036
45,A,456,6231,0.0,7.4750823974609375,1495.016357421875,normal spread,A only,2036
46,A,460,6238,0.0,7.4752583503723145,1495.0516357421875,normal spread,A only,2036
47,A,467,6244,0.0,7.4755048751831055,1495.10107421875,normal spread,A only,2036
48,A,473,6253,0.0,7.475749492645264,1495.1497802734375,normal spread,A only,2036
49,A,481,6255,0.0,7.475990295410156,1495.1982421875,normal spread,A only,2036
50,A,480,6264,0.0,7.476230144500732,1495.2459716796875,normal spread,A only,2036
51,A,483,6273,0.0,7.476466655731201,1495.29345703125,normal spread,A only,2036
52,A,478,6284,0.0,7.476701259613037,1495.3402099609375,normal spread,A only,2036
53,A,491,6287,0.0,7.47693395614624,1495.3868408203125,normal spread,A only,2036
54,A,495,6290,0.0,7.477164268493652,1495.432861328125,normal spread,A only,2036
55,A,499,6295,0.0,7.475346088409424,1495.0694580078125,normal spread,A only,2036
56,A,496,6304,0.0,7.470271110534668,1494.05419921875,normal spread,A only,2036
57,A,498,6310,0.0,7.465085029602051,1493.0169677734375,normal spread,A only,2036
58,A,500,6315,0.0,7.461065292358398,1492.2130126953125,normal spread,A only,2036
59,A,502,6323,0.0,7.4591240882873535,1491.8248291015625,normal spread,A only,2036
60,A,509,6329,0.0,7.458033084869385,1491.6065673828125,normal spread,A only,2036
61,A,505,6338,0.0,7.457494258880615,1491.4989013671875,normal spread,A only,2036
62,A,502,6349,0.0,7.457413196563721,1491.4825439453125,normal spread,A only,2036
63,A,493,6361,0.0,7.457645416259766,1491.5289306640625,normal spread,A only,2036
64,A,497,6367,0.0,7.4580183029174805,1491.603759765625,normal spread,A only,2036
65,A,492,6376,0.0,7.458431243896484,1491.686279296875,normal spread,A only,2036
66,A,488,6386,0.0,7.4588446617126465,1491.76904296875,normal spread,A only,2036
67,A,479,6396,0.0,7.459254264831543,1491.8509521484375,normal spread,A only,2036
68,A,473,6407,0.0,7.459660053253174,1491.931884765625,normal spread,A only,2036
69,A,469,6413,0.0,7.460061073303223,1492.01220703125,normal spread,A only,2036
70,A,466,6419,0.0,7.460458755493164,1492.091796875,normal spread,A only,2036
71,A,466,6424,0.0,7.458867073059082,1491.7735595703125,normal spread,A only,2036
72,A,470,6426,0.0,7.456545352935791,1491.3089599609375,normal spread,A only,2036
73,A,469,6431,0.0,7.454970836639404,1490.9942626953125,normal spread,A only,2036
74,A,468,6435,0.0,7.446840763092041,1489.3682861328125,normal spread,A only,2036
75,A,461,6443,0.0,7.437215805053711,1487.443115234375,normal spread,A only,2036
76,A,457,6451,0.0,7.430450439453125,1486.0902099609375,normal spread,A only,2036
77,A,454,6455,0.0,7.420971870422363,1484.194580078125,normal spread,A only,2036
78,A,451,6460,0.0,7.414142608642578,1482.828369140625,normal spread,A only,2036
79,A,445,6473,0.0,7.4102373123168945,1482.0474853515625,normal spread,A only,2036
80,A,439,6480,0.0,7.408217430114746,1481.6435546875,normal spread,A only,2036
81,A,441,6483,0.0,7.399587631225586,1479.91748046875,normal spread,A only,2036
82,A,440,6487,0.0,7.393365383148193,1478.6729736328125,normal spread,A only,2036
83,A,435,6493,0.0,7.387568473815918,1477.513671875,normal spread,A only,2036
84,A,429,6499,0.0,7.383519172668457,1476.703857421875,normal spread,A only,2036
85,A,423,6507,0.0,7.381420135498047,1476.2840576171875,normal spread,A only,2036
86,A,412,6519,0.0,7.381259918212891,1476.251953125,normal spread,A only,2036
87,A,409,6524,0.0,7.379678726196289,1475.935791015625,normal spread,A only,2036
88,A,404,6529,0.0,7.379950523376465,1475.9901123046875,normal spread,A only,2036
89,A,401,6532,0.0,7.38112735748291,1476.225341796875,normal spread,A only,2036
90,A,392,6541,0.0,7.382296562194824,1476.4593505859375,normal spread,A only,2036
91,A,387,6546,0.0,7.383455276489258,1476.6910400390625,normal spread,A only,2036
92,A,379,6554,0.0,7.384603500366211,1476.920654296875,normal spread,A only,2036
93,A,373,6560,0.0,7.385739326477051,1477.14794921875,normal spread,A only,2036
94,A,362,6571,0.0,7.38686466217041,1477.3729248046875,normal spread,A only,2036
95,A,355,6578,0.0,7.386241436004639,1477.24853515625,normal spread,A only,2036
96,A,347,6586,0.0,7.381601333618164,1476.3201904296875,normal spread,A only,2036
97,A,339,6594,0.0,7.376311302185059,1475.26220703125,normal spread,A only,2036
98,A,328,6605,0.0,7.372713088989258,1474.5426025390625,normal spread,A only,2036
99,A,322,6611,0.0,7.367072582244873,1473.4144287109375,normal spread,A only,2036
100,A,316,6617,0.0,7.361839294433594,1472.3677978515625,normal spread,A only,2036
1,B,650,5519,20.780616760253906,0.0,4156.12353515625,normal spread,B only,2036
2,B,552,5568,21.292177200317383,0.0,4258.435546875,normal spread,B only,2036
3,B,489,5591,21.35740852355957,0.0,4271.48193359375,normal spread,B only,2036
4,B,428,5615,20.864917755126953,0.0,4172.9833984375,normal spread,B only,2036
5,B,351,5652,20.086862564086914,0.0,4017.37255859375,normal spread,B only,2036
6,B,262,5701,19.015583038330078,0.0,3803.11669921875,normal spread,B only,2036
7,B,205,5714,18.33740997314453,0.0,3667.48193359375,normal spread,B only,2036
8,B,156,5722,18.466087341308594,0.0,3693.217529296875,normal spread,B only,2036
9,B,114,5725,18.668745040893555,0.0,3733.74951171875,normal spread,B only,2036
10,B,72,5725,20.245586395263672,0.0,4049.1171875,normal spread,B only,2036
11,B,30,5725,11.619805335998535,0.0,2323.9609375,normal spread,B only,2036
12,B,15,5725,4.418256759643555,0.0,883.6512451171875,normal spread,B only,2036
13,B,14,5725,4.114094257354736,0.0,822.81884765625,normal spread,B only,2036
14,B,14,5725,4.129813194274902,0.0,825.962646484375,normal spread,B only,2036
15,B,15,5725,4.432768821716309,0.0,886.5537719726562,normal spread,B only,2036
16,B,23,5725,6.813320636749268,0.0,1362.6641845703125,normal spread,B only,2036
17,B,19,5725,5.642115592956543,0.0,1128.4229736328125,normal spread,B only,2036
18,B,20,5725,5.9297990798950195,0.0,1185.959716796875,normal spread,B only,2036
19,B,22,5725,6.54024600982666,0.0,1308.049072265625,normal spread,B only,2036
20,B,30,5725,8.900429725646973,0.0,1780.086181640625,normal spread,B only,2036
21,B,46,5725,13.571392059326172,0.0,2714.2783203125,normal spread,B only,2036
22,B,30,5725,8.895498275756836,0.0,1779.099609375,normal spread,B only,2036
23,B,21,5725,6.195291042327881,0.0,1239.05810546875,normal spread,B only,2036
24,B,59,5725,14.784645080566406,0.0,2956.928955078125,normal spread,B only,2036
25,B,29,5725,8.56910514831543,0.0,1713.821044921875,normal spread,B only,2036
26,B,14,5725,4.149578094482422,0.0,829.9156494140625,normal spread,B only,2036
27,B,13,5725,3.851527690887451,0.0,770.3054809570312,normal spread,B only,2036
28,B,22,5725,6.506568908691406,0.0,1301.313720703125,normal spread,B only,2036
29,B,30,5725,8.880455017089844,0.0,1776.0908203125,normal spread,B only,2036
30,B,36,5725,10.671252250671387,0.0,2134.25048828125,normal spread,B only,2036
31,B,23,5725,6.827975273132324,0.0,1365.59521484375,normal spread,B only,2036
32,B,22,5725,6.524327754974365,0.0,1304.865478515625,normal spread,B only,2036
33,B,19,5725,5.658535957336426,0.0,1131.7071533203125,normal spread,B only,2036
34,B,28,5725,8.336896896362305,0.0,1667.37939453125,normal spread,B only,2036
35,B,15,5725,4.459730625152588,0.0,891.9461059570312,normal spread,B only,2036
36,B,25,5725,7.427255153656006,0.0,1485.4510498046875,normal spread,B only,2036
37,B,16,5725,4.742911338806152,0.0,948.5824584960938,normal spread,B only,2036
38,B,25,5725,7.421230316162109,0.0,1484.24609375,normal spread,B only,2036
39,B,28,5725,8.299912452697754,0.0,1659.9822998046875,normal spread,B only,2036
40,B,24,5725,7.114131927490234,0.0,1422.826416015625,normal spread,B only,2036
41,B,23,5725,6.803006649017334,0.0,1360.6011962890625,normal spread,B only,2036
42,B,23,5725,6.826187610626221,0.0,1365.237548828125,normal spread,B only,2036
43,B,18,5725,5.339114189147949,0.0,1067.8228759765625,normal spread,B only,2036
44,B,23,5725,6.822147369384766,0.0,1364.429443359375,normal spread,B only,2036
45,B,23,5725,6.795940399169922,0.0,1359.1881103515625,normal spread,B only,2036
46,B,35,5725,10.433504104614258,0.0,2086.700927734375,normal spread,B only,2036
47,B,30,5725,8.869270324707031,0.0,1773.85400390625,normal spread,B only,2036
48,B,27,5725,8.015792846679688,0.0,1603.1585693359375,normal spread,B only,2036
49,B,22,5725,6.499383926391602,0.0,1299.8768310546875,normal spread,B only,2036
50,B,40,5725,11.786205291748047,0.0,2357.240966796875,normal spread,B only,2036
51,B,35,5725,10.347606658935547,0.0,2069.521240234375,normal spread,B only,2036
52,B,25,5725,7.385117053985596,0.0,1477.0234375,normal spread,B only,2036
53,B,22,5725,6.519863128662109,0.0,1303.97265625,normal spread,B only,2036
54,B,40,5725,11.85494613647461,0.0,2370.989501953125,normal spread,B only,2036
55,B,28,5725,8.294164657592773,0.0,1658.8328857421875,normal spread,B only,2036
56,B,47,5725,13.94655704498291,0.0,2789.3115234375,normal spread,B only,2036
57,B,35,5725,10.363652229309082,0.0,2072.73046875,normal spread,B only,2036
58,B,34,5725,10.06406021118164,0.0,2012.8118896484375,normal spread,B only,2036
59,B,31,5725,9.162012100219727,0.0,1832.4024658203125,normal spread,B only,2036
60,B,33,5725,9.766042709350586,0.0,1953.20849609375,normal spread,B only,2036
61,B,29,5725,8.55613899230957,0.0,1711.227783203125,normal spread,B only,2036
62,B,23,5725,6.799651145935059,0.0,1359.9302978515625,normal spread,B only,2036
63,B,26,5725,7.698907852172852,0.0,1539.7816162109375,normal spread,B only,2036
64,B,29,5725,8.563804626464844,0.0,1712.760986328125,normal spread,B only,2036
65,B,44,5725,13.012933731079102,0.0,2602.586669921875,normal spread,B only,2036
66,B,39,5725,11.537922859191895,0.0,2307.58447265625,normal spread,B only,2036
67,B,58,5725,14.784409523010254,0.0,2956.8818359375,normal spread,B only,2036
68,B,55,5725,14.840270042419434,0.0,2968.0537109375,normal spread,B only,2036
69,B,36,5725,10.686505317687988,0.0,2137.30126953125,normal spread,B only,2036
70,B,39,5725,11.562255859375,0.0,2312.450927734375,normal spread,B only,2036
71,B,32,5725,9.470830917358398,0.0,1894.1663818359375,normal spread,B only,2036
72,B,25,5725,7.413505554199219,0.0,1482.701171875,normal spread,B only,2036
73,B,30,5725,8.888801574707031,0.0,1777.7598876953125,normal spread,B only,2036
74,B,27,5725,7.947694778442383,0.0,1589.538818359375,normal spread,B only,2036
75,B,40,5725,11.83647632598877,0.0,2367.295166015625,normal spread,B only,2036
76,B,29,5725,8.580023765563965,0.0,1716.0048828125,normal spread,B only,2036
77,B,33,5725,9.77231502532959,0.0,1954.4630126953125,normal spread,B only,2036
78,B,42,5725,12.417977333068848,0.0,2483.59521484375,normal spread,B only,2036
79,B,45,5725,13.314041137695312,0.0,2662.80859375,normal spread,B only,2036
80,B,35,5725,10.367731094360352,0.0,2073.54638671875,normal spread,B only,2036
81,B,52,5725,14.774994850158691,0.0,2954.998779296875,normal spread,B only,2036
82,B,34,5725,10.08107852935791,0.0,2016.2159423828125,normal spread,B only,2036
83,B,42,5725,12.442147254943848,0.0,2488.42919921875,normal spread,B only,2036
84,B,32,5725,9.465011596679688,0.0,1893.0020751953125,normal spread,B only,2036
85,B,33,5725,9.751504898071289,0.0,1950.3011474609375,normal spread,B only,2036
86,B,38,5725,11.25046443939209,0.0,2250.0927734375,normal spread,B only,2036
87,B,35,5725,10.362008094787598,0.0,2072.40185546875,normal spread,B only,2036
88,B,28,5725,8.290135383605957,0.0,1658.027099609375,normal spread,B only,2036
89,B,38,5725,11.218534469604492,0.0,2243.706787109375,normal spread,B only,2036
90,B,38,5725,11.253583908081055,0.0,2250.716796875,normal spread,B only,2036
91,B,36,5725,10.677847862243652,0.0,2135.56982421875,normal spread,B only,2036
92,B,25,5725,7.3940348625183105,0.0,1478.8070068359375,normal spread,B only,2036
93,B,29,5725,8.611953735351562,0.0,1722.3907470703125,normal spread,B only,2036
94,B,37,5725,11.01161003112793,0.0,2202.32177734375,normal spread,B only,2036
95,B,27,5725,7.998637676239014,0.0,1599.7275390625,normal spread,B only,2036
96,B,39,5725,11.526217460632324,0.0,2305.243408203125,normal spread,B only,2036
97,B,36,5725,10.644584655761719,0.0,2128.9169921875,normal spread,B only,2036
98,B,26,5725,7.707718372344971,0.0,1541.5435791015625,normal spread,B only,2036
99,B,24,5725,7.110282897949219,0.0,1422.056640625,normal spread,B only,2036
100,B,33,5725,9.772436141967773,0.0,1954.4871826171875,normal spread,B only,2036
1,A,650,5519,0.0,7.499841690063477,1499.9683837890625,normal spread,AB,2036
2,B,602,5569,20.84228515625,0.0,4168.45703125,normal spread,AB,2036
3,A,540,5592,0.0,7.498446464538574,1499.6893310546875,normal spread,AB,2036
4,B,516,5630,21.13713836669922,0.0,4227.427734375,normal spread,AB,2036
5,A,438,5670,0.0,7.498477935791016,1499.6954345703125,normal spread,AB,2036
6,B,379,5740,20.70307159423828,0.0,4140.6142578125,normal spread,AB,2036
7,A,320,5756,0.0,7.497187614440918,1499.4375,normal spread,AB,2036
8,B,320,5768,19.217178344726562,0.0,3843.435546875,normal spread,AB,2036
9,A,272,5779,0.0,7.49464750289917,1498.9295654296875,normal spread,AB,2036
10,B,272,5788,18.35452651977539,0.0,3670.9052734375,normal spread,AB,2036
11,A,227,5793,0.0,7.494753837585449,1498.9508056640625,normal spread,AB,2036
12,B,232,5796,18.169172286987305,0.0,3633.83447265625,normal spread,AB,2036
13,A,194,5800,0.0,7.494858741760254,1498.9718017578125,normal spread,AB,2036
14,B,197,5811,17.600635528564453,0.0,3520.127197265625,normal spread,AB,2036
15,A,152,5816,0.0,7.494961261749268,1498.9921875,normal spread,AB,2036
16,B,166,5818,17.4129695892334,0.0,3482.593994140625,normal spread,AB,2036
17,A,115,5831,0.0,7.493425369262695,1498.68505859375,normal spread,AB,2036
18,B,124,5835,16.65047264099121,0.0,3330.094482421875,normal spread,AB,2036
19,A,80,5841,0.0,7.493121147155762,1498.624267578125,normal spread,AB,2036
20,B,96,5846,16.137657165527344,0.0,3227.531005859375,normal spread,AB,2036
21,A,73,5850,0.0,7.493257522583008,1498.6514892578125,normal spread,AB,2036
22,B,91,5851,15.089224815368652,0.0,3017.84521484375,normal spread,AB,2036
23,A,51,5855,0.0,7.493299961090088,1498.6600341796875,normal spread,AB,2036
24,B,91,5856,14.864130973815918,0.0,2972.826171875,normal spread,AB,2036
25,A,56,5859,0.0,7.4918131828308105,1498.36279296875,normal spread,AB,2036
26,B,67,5864,15.419044494628906,0.0,3083.80859375,normal spread,AB,2036
27,A,31,5868,0.0,7.491615295410156,1498.322998046875,normal spread,AB,2036
28,B,44,5871,14.699043273925781,0.0,2939.808837890625,normal spread,AB,2036
29,A,20,5871,0.0,7.491755962371826,1498.351318359375,normal spread,AB,2036
30,B,35,5871,10.43655776977539,0.0,2087.3115234375,normal spread,AB,2036
31,A,17,5871,0.0,7.491919040679932,1498.3837890625,normal spread,AB,2036
32,B,34,5871,10.192037582397461,0.0,2038.40771484375,normal spread,AB,2036
33,A,15,5871,0.0,7.4920806884765625,1498.4161376953125,normal spread,AB,2036
34,B,38,5871,11.398056983947754,0.0,2279.611328125,normal spread,AB,2036
35,A,17,5871,0.0,7.4922380447387695,1498.44775390625,normal spread,AB,2036
36,B,32,5871,9.607366561889648,0.0,1921.4732666015625,normal spread,AB,2036
37,A,19,5871,0.0,7.492392539978027,1498.4783935546875,normal spread,AB,2036
38,B,36,5871,10.812952041625977,0.0,2162.590576171875,normal spread,AB,2036
39,A,24,5871,0.0,7.4925432205200195,1498.5086669921875,normal spread,AB,2036
40,B,40,5871,12.023881912231445,0.0,2404.7763671875,normal spread,AB,2036
41,A,19,5871,0.0,7.492691993713379,1498.5384521484375,normal spread,AB,2036
42,B,39,5871,11.652337074279785,0.0,2330.46728515625,normal spread,AB,2036
43,A,17,5871,0.0,7.492837429046631,1498.567626953125,normal spread,AB,2036
44,B,44,5871,13.202863693237305,0.0,2640.57275390625,normal spread,AB,2036
45,A,26,5871,0.0,7.492978096008301,1498.5958251953125,normal spread,AB,2036
46,B,60,5871,14.92345142364502,0.0,2984.690185546875,normal spread,AB,2036
47,A,38,5871,0.0,7.493119239807129,1498.6239013671875,normal spread,AB,2036
48,B,66,5871,15.108312606811523,0.0,3021.662353515625,normal spread,AB,2036
49,A,38,5871,0.0,7.493255615234375,1498.651123046875,normal spread,AB,2036
50,B,73,5871,14.922624588012695,0.0,2984.52490234375,normal spread,AB,2036
51,A,54,5871,0.0,7.491687774658203,1498.33740234375,normal spread,AB,2036
52,B,82,5871,15.187955856323242,0.0,3037.591064453125,normal spread,AB,2036
53,A,55,5871,0.0,7.48801326751709,1497.602783203125,normal spread,AB,2036
54,B,80,5871,15.276744842529297,0.0,3055.348876953125,normal spread,AB,2036
55,A,49,5871,0.0,7.485793113708496,1497.15869140625,normal spread,AB,2036
56,B,82,5871,15.151625633239746,0.0,3030.3251953125,normal spread,AB,2036
57,A,51,5871,0.0,7.4850993156433105,1497.02001953125,normal spread,AB,2036
58,B,76,5871,15.430439949035645,0.0,3086.087890625,normal spread,AB,2036
59,A,59,5871,0.0,7.485305309295654,1497.0609130859375,normal spread,AB,2036
60,B,83,5871,15.031816482543945,0.0,3006.363525390625,normal spread,AB,2036
61,A,51,5871,0.0,7.485594749450684,1497.118896484375,normal spread,AB,2036
62,B,77,5871,15.410377502441406,0.0,3082.075439453125,normal spread,AB,2036
63,A,50,5871,0.0,7.485879898071289,1497.176025390625,normal spread,AB,2036
64,B,88,5871,15.034173965454102,0.0,3006.83447265625,normal spread,AB,2036
65,A,66,5871,0.0,7.485172271728516,1497.034423828125,normal spread,AB,2036
66,B,106,5872,15.10800552368164,0.0,3021.600830078125,normal spread,AB,2036
67,A,79,5874,0.0,7.483525276184082,1496.7052001953125,normal spread,AB,2036
68,B,95,5875,15.267568588256836,0.0,3053.513427734375,normal spread,AB,2036
69,A,65,5875,0.0,7.483604431152344,1496.720947265625,normal spread,AB,2036
70,B,89,5875,15.346392631530762,0.0,3069.27880859375,normal spread,AB,2036
71,A,68,5876,0.0,7.483930587768555,1496.7861328125,normal spread,AB,2036
72,B,96,5877,15.446678161621094,0.0,3089.3359375,normal spread,AB,2036
73,A,75,5879,0.0,7.484249114990234,1496.849853515625,normal spread,AB,2036
74,B,105,5880,15.42848014831543,0.0,3085.69580078125,normal spread,AB,2036
75,A,86,5881,0.0,7.484498977661133,1496.899658203125,normal spread,AB,2036
76,B,108,5882,15.414260864257812,0.0,3082.852294921875,normal spread,AB,2036
77,A,76,5882,0.0,7.484720230102539,1496.944091796875,normal spread,AB,2036
78,B,96,5882,15.816547393798828,0.0,3163.3095703125,normal spread,AB,2036
79,A,65,5884,0.0,7.485019207000732,1497.003662109375,normal spread,AB,2036
80,B,87,5884,15.690652847290039,0.0,3138.130859375,normal spread,AB,2036
81,A,67,5884,0.0,7.485316276550293,1497.063232421875,normal spread,AB,2036
82,B,98,5884,15.240802764892578,0.0,3048.16064453125,normal spread,AB,2036
83,A,68,5884,0.0,7.485583782196045,1497.1168212890625,normal spread,AB,2036
84,B,98,5884,15.376148223876953,0.0,3075.2294921875,normal spread,AB,2036
85,A,73,5884,0.0,7.4853692054748535,1497.0738525390625,normal spread,AB,2036
86,B,108,5884,15.437314987182617,0.0,3087.462890625,normal spread,AB,2036
87,A,82,5884,0.0,7.485213279724121,1497.0426025390625,normal spread,AB,2036
88,B,110,5884,15.577934265136719,0.0,3115.587158203125,normal spread,AB,2036
89,A,88,5884,0.0,7.484576225280762,1496.915283203125,normal spread,AB,2036
90,B,117,5884,15.56694507598877,0.0,3113.38916015625,normal spread,AB,2036
91,A,93,5885,0.0,7.484240531921387,1496.84814453125,normal spread,AB,2036
92,B,117,5885,16.14185905456543,0.0,3228.371826171875,normal spread,AB,2036
93,A,91,5885,0.0,7.484553813934326,1496.9107666015625,normal spread,AB,2036
94,B,114,5885,15.379846572875977,0.0,3075.96923828125,normal spread,AB,2036
95,A,89,5885,0.0,7.484860897064209,1496.97216796875,normal spread,AB,2036
96,B,116,5885,15.67237663269043,0.0,3134.475341796875,normal spread,AB,2036
97,A,93,5885,0.0,7.485162258148193,1497.0322265625,normal spread,AB,2036
98,B,116,5886,15.624088287353516,0.0,3124.817626953125,normal spread,AB,2036
99,A,83,5886,0.0,7.485455513000488,1497.09130859375,normal spread,AB,2036
100,B,100,5886,15.947322845458984,0.0,3189.46484375,normal spread,AB,2036
1,B,650,5519,20.780616760253906,0.0,4156.12353515625,normal spread,BA,2036
2,A,552,5568,0.0,7.499843120574951,1499.9686279296875,normal spread,BA,2036
3,B,539,5591,21.388961791992188,0.0,4277.79248046875,normal spread,BA,2036
4,A,473,5621,0.0,7.498461723327637,1499.6922607421875,normal spread,BA,2036
5,B,444,5661,21.255321502685547,0.0,4251.064453125,normal spread,BA,2036
6,A,343,5724,0.0,7.498492240905762,1499.698486328125,normal spread,BA,2036
7,B,331,5740,19.865978240966797,0.0,3973.195556640625,normal spread,BA,2036
8,A,282,5751,0.0,7.497216701507568,1499.443359375,normal spread,BA,2036
9,B,283,5762,18.5494441986084,0.0,3709.888916015625,normal spread,BA,2036
10,A,233,5770,0.0,7.494701385498047,1498.9403076171875,normal spread,BA,2036
11,B,239,5776,17.852447509765625,0.0,3570.489501953125,normal spread,BA,2036
12,A,197,5779,0.0,7.494806289672852,1498.9613037109375,normal spread,BA,2036
13,B,208,5783,17.296688079833984,0.0,3459.337646484375,normal spread,BA,2036
14,A,156,5796,0.0,7.49491024017334,1498.9820556640625,normal spread,BA,2036
15,B,162,5801,17.308143615722656,0.0,3461.629150390625,normal spread,BA,2036
16,A,128,5803,0.0,7.495011329650879,1499.0023193359375,normal spread,BA,2036
17,B,126,5817,17.033344268798828,0.0,3406.6689453125,normal spread,BA,2036
18,A,85,5820,0.0,7.493519306182861,1498.703857421875,normal spread,BA,2036
19,B,99,5826,16.32914161682129,0.0,3265.827880859375,normal spread,BA,2036
20,A,57,5831,0.0,7.493189811706543,1498.637939453125,normal spread,BA,2036
21,B,86,5835,15.6864652633667,0.0,3137.29296875,normal spread,BA,2036
22,A,48,5836,0.0,7.493325710296631,1498.6650390625,normal spread,BA,2036
23,B,66,5839,16.332735061645508,0.0,3266.547119140625,normal spread,BA,2036
24,A,52,5840,0.0,7.493378162384033,1498.67578125,normal spread,BA,2036
25,B,69,5842,16.434276580810547,0.0,3286.85498046875,normal spread,BA,2036
26,A,34,5844,0.0,7.49193811416626,1498.3875732421875,normal spread,BA,2036
27,B,52,5844,15.118951797485352,0.0,3023.7900390625,normal spread,BA,2036
28,A,25,5844,0.0,7.491703987121582,1498.3408203125,normal spread,BA,2036
29,B,44,5844,13.163146018981934,0.0,2632.62939453125,normal spread,BA,2036
30,A,15,5844,0.0,7.4918389320373535,1498.36767578125,normal spread,BA,2036
31,B,28,5844,8.406272888183594,0.0,1681.254638671875,normal spread,BA,2036
32,A,15,5844,0.0,7.492000102996826,1498.400146484375,normal spread,BA,2036
33,B,31,5844,9.337540626525879,0.0,1867.5081787109375,normal spread,BA,2036
34,A,22,5844,0.0,7.492159843444824,1498.4320068359375,normal spread,BA,2036
35,B,43,5844,12.975750923156738,0.0,2595.150390625,normal spread,BA,2036
36,A,18,5844,0.0,7.49231481552124,1498.4630126953125,normal spread,BA,2036
37,B,36,5844,10.856050491333008,0.0,2171.210205078125,normal spread,BA,2036
38,A,13,5844,0.0,7.492467880249023,1498.49365234375,normal spread,BA,2036
39,B,32,5844,9.559615135192871,0.0,1911.9228515625,normal spread,BA,2036
40,A,16,5844,0.0,7.492618560791016,1498.523681640625,normal spread,BA,2036
41,B,32,5844,9.587361335754395,0.0,1917.4720458984375,normal spread,BA,2036
42,A,16,5844,0.0,7.492763519287109,1498.5528564453125,normal spread,BA,2036
43,B,34,5844,10.206903457641602,0.0,2041.3807373046875,normal spread,BA,2036
44,A,27,5844,0.0,7.492908477783203,1498.581787109375,normal spread,BA,2036
45,B,61,5844,14.93446159362793,0.0,2986.892333984375,normal spread,BA,2036
46,A,36,5844,0.0,7.493049621582031,1498.60986328125,normal spread,BA,2036
47,B,66,5844,15.060892105102539,0.0,3012.178466796875,normal spread,BA,2036
48,A,34,5844,0.0,7.493186950683594,1498.637451171875,normal spread,BA,2036
49,B,60,5844,15.19083023071289,0.0,3038.166015625,normal spread,BA,2036
50,A,43,5844,0.0,7.49332332611084,1498.66455078125,normal spread,BA,2036
51,B,83,5844,14.878130912780762,0.0,2975.626220703125,normal spread,BA,2036
52,A,62,5844,0.0,7.4918904304504395,1498.3780517578125,normal spread,BA,2036
53,B,90,5844,15.30668830871582,0.0,3061.337646484375,normal spread,BA,2036
54,A,64,5844,0.0,7.488236427307129,1497.6473388671875,normal spread,BA,2036
55,B,94,5844,15.303784370422363,0.0,3060.7568359375,normal spread,BA,2036
56,A,67,5844,0.0,7.486031532287598,1497.206298828125,normal spread,BA,2036
57,B,88,5844,15.328856468200684,0.0,3065.771728515625,normal spread,BA,2036
58,A,67,5844,0.0,7.485263347625732,1497.052734375,normal spread,BA,2036
59,B,98,5844,15.453990936279297,0.0,3090.798095703125,normal spread,BA,2036
60,A,68,5845,0.0,7.485452651977539,1497.0904541015625,normal spread,BA,2036
61,B,93,5845,15.741616249084473,0.0,3148.322998046875,normal spread,BA,2036
62,A,60,5845,0.0,7.485738277435303,1497.147705078125,normal spread,BA,2036
63,B,90,5845,15.560123443603516,0.0,3112.02490234375,normal spread,BA,2036
64,A,82,5845,0.0,7.486021041870117,1497.2041015625,normal spread,BA,2036
65,B,107,5845,15.32093620300293,0.0,3064.1875,normal spread,BA,2036
66,A,82,5845,0.0,7.485405445098877,1497.0811767578125,normal spread,BA,2036
67,B,118,5845,15.398748397827148,0.0,3079.74951171875,normal spread,BA,2036
68,A,87,5845,0.0,7.48381233215332,1496.762451171875,normal spread,BA,2036
69,B,124,5845,15.342455863952637,0.0,3068.491455078125,normal spread,BA,2036
70,A,94,5845,0.0,7.483767509460449,1496.7535400390625,normal spread,BA,2036
71,B,122,5845,15.568613052368164,0.0,3113.72265625,normal spread,BA,2036
72,A,100,5845,0.0,7.484090328216553,1496.818115234375,normal spread,BA,2036
73,B,132,5845,15.872477531433105,0.0,3174.495361328125,normal spread,BA,2036
74,A,107,5845,0.0,7.484406471252441,1496.8812255859375,normal spread,BA,2036
75,B,139,5845,15.636455535888672,0.0,3127.291015625,normal spread,BA,2036
76,A,112,5845,0.0,7.484678268432617,1496.9356689453125,normal spread,BA,2036
77,B,141,5846,16.00338363647461,0.0,3200.6767578125,normal spread,BA,2036
78,A,113,5846,0.0,7.484877586364746,1496.975341796875,normal spread,BA,2036
79,B,139,5848,15.93011474609375,0.0,3186.02294921875,normal spread,BA,2036
80,A,119,5848,0.0,7.48516845703125,1497.033447265625,normal spread,BA,2036
81,B,135,5849,15.74720573425293,0.0,3149.441162109375,normal spread,BA,2036
82,A,115,5849,0.0,7.485461711883545,1497.0924072265625,normal spread,BA,2036
83,B,142,5849,15.34747314453125,0.0,3069.494384765625,normal spread,BA,2036
84,A,121,5849,0.0,7.48574686050415,1497.149169921875,normal spread,BA,2036
85,B,145,5849,15.349714279174805,0.0,3069.94287109375,normal spread,BA,2036
86,A,122,5849,0.0,7.485604763031006,1497.1209716796875,normal spread,BA,2036
87,B,153,5849,15.481315612792969,0.0,3096.262939453125,normal spread,BA,2036
88,A,131,5849,0.0,7.485382556915283,1497.076416015625,normal spread,BA,2036
89,B,163,5849,15.502618789672852,0.0,3100.523681640625,normal spread,BA,2036
90,A,135,5850,0.0,7.484776973724365,1496.9554443359375,normal spread,BA,2036
91,B,157,5851,15.941492080688477,0.0,3188.29833984375,normal spread,BA,2036
92,A,142,5852,0.0,7.484398365020752,1496.879638671875,normal spread,BA,2036
93,B,167,5852,16.00530433654785,0.0,3201.060791015625,normal spread,BA,2036
94,A,131,5853,0.0,7.484708309173584,1496.9415283203125,normal spread,BA,2036
95,B,157,5854,15.928747177124023,0.0,3185.74951171875,normal spread,BA,2036
96,A,132,5854,0.0,7.485012054443359,1497.00244140625,normal spread,BA,2036
97,B,158,5854,16.463428497314453,0.0,3292.685302734375,normal spread,BA,2036
98,A,131,5854,0.0,7.485309600830078,1497.0618896484375,normal spread,BA,2036
99,B,146,5854,16.42082977294922,0.0,3284.166015625,normal spread,BA,2036
100,A,114,5855,0.0,7.485601425170898,1497.1202392578125,normal spread,BA,2036
1,A,650,5519,0.0,7.499841690063477,1499.9683837890625,normal spread,A block B,2036
2,A,602,5569,0.0,7.498430252075195,1499.6861572265625,normal spread,A block B,2036
3,A,589,5593,0.0,7.498446464538574,1499.6893310546875,normal spread,A block B,2036
4,A,566,5636,0.0,7.497098922729492,1499.4197998046875,normal spread,A block B,2036
5,A,541,5674,0.0,7.494428634643555,1498.8857421875,normal spread,A block B,2036
6,A,473,5754,0.0,7.494484901428223,1498.8968505859375,normal spread,A block B,2036
7,A,462,5777,0.0,7.494539260864258,1498.90771484375,normal spread,A block B,2036
8,A,446,5808,0.0,7.494593620300293,1498.9188232421875,normal spread,A block B,2036
9,A,441,5823,0.0,7.492870807647705,1498.57421875,normal spread,A block B,2036
10,A,444,5835,0.0,7.492470741271973,1498.494140625,normal spread,A block B,2036
11,A,433,5857,0.0,7.492545127868652,1498.509033203125,normal spread,A block B,2036
12,A,425,5880,0.0,7.492462158203125,1498.492431640625,normal spread,A block B,2036
13,A,440,5886,0.0,7.490553855895996,1498.1107177734375,normal spread,A block B,2036
14,A,440,5900,0.0,7.490419387817383,1498.0841064453125,normal spread,A block B,2036
15,A,435,5914,0.0,7.490509986877441,1498.10205078125,normal spread,A block B,2036
16,A,443,5918,0.0,7.490605354309082,1498.12109375,normal spread,A block B,2036
17,A,442,5934,0.0,7.490699768066406,1498.1397705078125,normal spread,A block B,2036
18,A,440,5946,0.0,7.490792274475098,1498.158447265625,normal spread,A block B,2036
19,A,442,5958,0.0,7.490884780883789,1498.1768798828125,normal spread,A block B,2036
20,A,436,5978,0.0,7.4909749031066895,1498.195068359375,normal spread,A block B,2036
21,A,441,5991,0.0,7.49106502532959,1498.213134765625,normal spread,A block B,2036
22,A,444,5997,0.0,7.491154670715332,1498.23095703125,normal spread,A block B,2036
23,A,444,6006,0.0,7.491243839263916,1498.2489013671875,normal spread,A block B,2036
24,A,467,6018,0.0,7.491332054138184,1498.2662353515625,normal spread,A block B,2036
25,A,462,6029,0.0,7.49141788482666,1498.2835693359375,normal spread,A block B,2036
26,A,453,6044,0.0,7.488575458526611,1497.7149658203125,normal spread,A block B,2036
27,A,446,6060,0.0,7.482631683349609,1496.5263671875,normal spread,A block B,2036
28,A,439,6073,0.0,7.480129241943359,1496.0260009765625,normal spread,A block B,2036
29,A,443,6081,0.0,7.480146408081055,1496.0291748046875,normal spread,A block B,2036
30,A,450,6087,0.0,7.48034143447876,1496.0682373046875,normal spread,A block B,2036
31,A,444,6096,0.0,7.480536937713623,1496.107421875,normal spread,A block B,2036
32,A,437,6114,0.0,7.480731964111328,1496.146240234375,normal spread,A block B,2036
33,A,438,6124,0.0,7.477801322937012,1495.5601806640625,normal spread,A block B,2036
34,A,444,6126,0.0,7.476714134216309,1495.3428955078125,normal spread,A block B,2036
35,A,439,6137,0.0,7.476945877075195,1495.38916015625,normal spread,A block B,2036
36,A,442,6142,0.0,7.477176189422607,1495.4351806640625,normal spread,A block B,2036
37,A,445,6148,0.0,7.477296352386475,1495.459228515625,normal spread,A block B,2036
38,A,453,6153,0.0,7.477402210235596,1495.4803466796875,normal spread,A block B,2036
39,A,451,6166,0.0,7.477626323699951,1495.525146484375,normal spread,A block B,2036
40,A,443,6180,0.0,7.477849006652832,1495.56982421875,normal spread,A block B,2036
41,A,433,6201,0.0,7.478070259094238,1495.614013671875,normal spread,A block B,2036
42,A,436,6209,0.0,7.4775848388671875,1495.5169677734375,normal spread,A block B,2036
43,A,446,6213,0.0,7.4769768714904785,1495.395263671875,normal spread,A block B,2036
44,A,452,6222,0.0,7.477061748504639,1495.412353515625,normal spread,A block B,2036
45,A,456,6231,0.0,7.4750823974609375,1495.016357421875,normal spread,A block B,2036
46,A,460,6238,0.0,7.4752583503723145,1495.0516357421875,normal spread,A block B,2036
47,A,467,6244,0.0,7.4755048751831055,1495.10107421875,normal spread,A block B,2036
48,A,473,6253,0.0,7.475749492645264,1495.1497802734375,normal spread,A block B,2036
49,A,481,6255,0.0,7.475990295410156,1495.1982421875,normal spread,A block B,2036
50,A,480,6264,0.0,7.476230144500732,1495.2459716796875,normal spread,A block B,2036
51,B,483,6273,20.02506446838379,0.0,4005.012451171875,normal spread,A block B,2036
52,B,432,6280,18.265155792236328,0.0,3653.03125,normal spread,A block B,2036
53,B,389,6281,17.971363067626953,0.0,3594.272705078125,normal spread,A block B,2036
54,B,348,6283,18.012617111206055,0.0,3602.5234375,normal spread,A block B,2036
55,B,301,6285,18.23210906982422,0.0,3646.42138671875,normal spread,A block B,2036
56,B,250,6291,17.656587600708008,0.0,3531.317626953125,normal spread,A block B,2036
57,B,205,6294,17.611480712890625,0.0,3522.296142578125,normal spread,A block B,2036
58,B,154,6297,17.722190856933594,0.0,3544.438232421875,normal spread,A block B,2036
59,B,112,6299,17.538923263549805,0.0,3507.7841796875,normal spread,A block B,2036
60,B,68,6300,16.879196166992188,0.0,3375.8388671875,normal spread,A block B,2036
61,B,25,6301,7.707108497619629,0.0,1541.421875,normal spread,A block B,2036
62,B,15,6301,4.255056381225586,0.0,851.0112915039062,normal spread,A block B,2036
63,B,15,6301,4.134195327758789,0.0,826.8390502929688,normal spread,A block B,2036
64,B,9,6301,2.356499433517456,0.0,471.2999267578125,normal spread,A block B,2036
65,B,14,6302,4.130375862121582,0.0,826.0751953125,normal spread,A block B,2036
66,B,13,6302,3.8340837955474854,0.0,766.8167114257812,normal spread,A block B,2036
67,B,8,6302,2.364699125289917,0.0,472.9397888183594,normal spread,A block B,2036
68,B,5,6302,1.4716740846633911,0.0,294.33477783203125,normal spread,A block B,2036
69,B,19,6302,5.632900238037109,0.0,1126.5799560546875,normal spread,A block B,2036
70,B,14,6302,4.134974956512451,0.0,826.9949951171875,normal spread,A block B,2036
71,B,18,6302,5.334175109863281,0.0,1066.8350830078125,normal spread,A block B,2036
72,B,10,6302,2.950976848602295,0.0,590.1953735351562,normal spread,A block B,2036
73,B,6,6302,1.7849243879318237,0.0,356.98486328125,normal spread,A block B,2036
74,B,10,6302,2.9634056091308594,0.0,592.68115234375,normal spread,A block B,2036
75,B,10,6302,2.9548022747039795,0.0,590.96044921875,normal spread,A block B,2036
76,B,3,6302,0.8873903751373291,0.0,177.47808837890625,normal spread,A block B,2036
77,B,6,6302,1.767730951309204,0.0,353.54620361328125,normal spread,A block B,2036
78,B,11,6302,3.239560604095459,0.0,647.9121704101562,normal spread,A block B,2036
79,B,13,6302,3.866940975189209,0.0,773.3883056640625,normal spread,A block B,2036
80,B,14,6302,4.123266696929932,0.0,824.6533203125,normal spread,A block B,2036
81,B,14,6302,4.1422343254089355,0.0,828.4468383789062,normal spread,A block B,2036
82,B,14,6302,4.159679889678955,0.0,831.9360961914062,normal spread,A block B,2036
83,B,11,6302,3.245310068130493,0.0,649.06201171875,normal spread,A block B,2036
84,B,12,6302,3.5418882369995117,0.0,708.3776245117188,normal spread,A block B,2036
85,B,18,6302,5.321739196777344,0.0,1064.347900390625,normal spread,A block B,2036
86,B,22,6302,6.52203893661499,0.0,1304.40771484375,normal spread,A block B,2036
87,B,13,6302,3.8375625610351562,0.0,767.5125732421875,normal spread,A block B,2036
88,B,13,6302,3.8331003189086914,0.0,766.6201782226562,normal spread,A block B,2036
89,B,14,6302,4.128295421600342,0.0,825.6591796875,normal spread,A block B,2036
90,B,16,6302,4.727545738220215,0.0,945.509033203125,normal spread,A block B,2036
91,B,17,6302,5.062741756439209,0.0,1012.5482788085938,normal spread,A block B,2036
92,B,9,6302,2.6660382747650146,0.0,533.2075805664062,normal spread,A block B,2036
93,B,5,6302,1.4863137006759644,0.0,297.2627258300781,normal spread,A block B,2036
94,B,9,6302,2.6763622760772705,0.0,535.2724609375,normal spread,A block B,2036
95,B,8,6302,2.3722922801971436,0.0,474.4584655761719,normal spread,A block B,2036
96,B,5,6302,1.4863061904907227,0.0,297.26123046875,normal spread,A block B,2036
97,B,7,6302,2.099663019180298,0.0,419.9326171875,normal spread,A block B,2036
98,B,8,6302,2.3760464191436768,0.0,475.20928955078125,normal spread,A block B,2036
99,B,6,6302,1.7748630046844482,0.0,354.97259521484375,normal spread,A block B,2036
100,B,3,6302,0.8906842470169067,0.0,178.13685607910156,normal spread,A block B,2036
1,B,650,5519,20.780616760253906,0.0,4156.12353515625,normal spread,B block A,2036
2,B,552,5568,21.292177200317383,0.0,4258.435546875,normal spread,B block A,2036
3,B,489,5591,21.35740852355957,0.0,4271.48193359375,normal spread,B block A,2036
4,B,428,5615,20.864917755126953,0.0,4172.9833984375,normal spread,B block A,2036
5,B,351,5652,20.086862564086914,0.0,4017.37255859375,normal spread,B block A,2036
6,B,262,5701,19.015583038330078,0.0,3803.11669921875,normal spread,B block A,2036
7,B,205,5714,18.33740997314453,0.0,3667.48193359375,normal spread,B block A,2036
8,B,156,5722,18.466087341308594,0.0,3693.217529296875,normal spread,B block A,2036
9,B,114,5725,18.668745040893555,0.0,3733.74951171875,normal spread,B block A,2036
10,B,72,5725,20.245586395263672,0.0,4049.1171875,normal spread,B block A,2036
11,B,30,5725,11.619805335998535,0.0,2323.9609375,normal spread,B block A,2036
12,B,15,5725,4.418256759643555,0.0,883.6512451171875,normal spread,B block A,2036
13,B,14,5725,4.114094257354736,0.0,822.81884765625,normal spread,B block A,2036
14,B,14,5725,4.129813194274902,0.0,825.962646484375,normal spread,B block A,2036
15,B,15,5725,4.432768821716309,0.0,886.5537719726562,normal spread,B block A,2036
16,B,23,5725,6.813320636749268,0.0,1362.6641845703125,normal spread,B block A,2036
17,B,19,5725,5.642115592956543,0.0,1128.4229736328125,normal spread,B block A,2036
18,B,20,5725,5.9297990798950195,0.0,1185.959716796875,normal spread,B block A,2036
19,B,22,5725,6.54024600982666,0.0,1308.049072265625,normal spread,B block A,2036
20,B,30,5725,8.900429725646973,0.0,1780.086181640625,normal spread,B block A,2036
21,B,46,5725,13.571392059326172,0.0,2714.2783203125,normal spread,B block A,2036
22,B,30,5725,8.895498275756836,0.0,1779.099609375,normal spread,B block A,2036
23,B,21,5725,6.195291042327881,0.0,1239.05810546875,normal spread,B block A,2036
24,B,59,5725,14.784645080566406,0.0,2956.928955078125,normal spread,B block A,2036
25,B,29,5725,8.56910514831543,0.0,1713.821044921875,normal spread,B block A,2036
26,B,14,5725,4.149578094482422,0.0,829.9156494140625,normal spread,B block A,2036
27,B,13,5725,3.851527690887451,0.0,770.3054809570312,normal spread,B block A,2036
28,B,22,5725,6.506568908691406,0.0,1301.313720703125,normal spread,B block A,2036
29,B,30,5725,8.880455017089844,0.0,1776.0908203125,normal spread,B block A,2036
30,B,36,5725,10.671252250671387,0.0,2134.25048828125,normal spread,B block A,2036
31,B,23,5725,6.827975273132324,0.0,1365.59521484375,normal spread,B block A,2036
32,B,22,5725,6.524327754974365,0.0,1304.865478515625,normal spread,B block A,2036
33,B,19,5725,5.658535957336426,0.0,1131.7071533203125,normal spread,B block A,2036
34,B,28,5725,8.336896896362305,0.0,1667.37939453125,normal spread,B block A,2036
35,B,15,5725,4.459730625152588,0.0,891.9461059570312,normal spread,B block A,2036
36,B,25,5725,7.427255153656006,0.0,1485.4510498046875,normal spread,B block A,2036
37,B,16,5725,4.742911338806152,0.0,948.5824584960938,normal spread,B block A,2036
38,B,25,5725,7.421230316162109,0.0,1484.24609375,normal spread,B block A,2036
39,B,28,5725,8.299912452697754,0.0,1659.9822998046875,normal spread,B block A,2036
40,B,24,5725,7.114131927490234,0.0,1422.826416015625,normal spread,B block A,2036
41,B,23,5725,6.803006649017334,0.0,1360.6011962890625,normal spread,B block A,2036
42,B,23,5725,6.826187610626221,0.0,1365.237548828125,normal spread,B block A,2036
43,B,18,5725,5.339114189147949,0.0,1067.8228759765625,normal spread,B block A,2036
44,B,23,5725,6.822147369384766,0.0,1364.429443359375,normal spread,B block A,2036
45,B,23,5725,6.795940399169922,0.0,1359.1881103515625,normal spread,B block A,2036
46,B,35,5725,10.433504104614258,0.0,2086.700927734375,normal spread,B block A,2036
47,B,30,5725,8.869270324707031,0.0,1773.85400390625,normal spread,B block A,2036
48,B,27,5725,8.015792846679688,0.0,1603.1585693359375,normal spread,B block A,2036
49,B,22,5725,6.499383926391602,0.0,1299.8768310546875,normal spread,B block A,2036
50,B,40,5725,11.786205291748047,0.0,2357.240966796875,normal spread,B block A,2036
51,A,35,5725,0.0,7.499904155731201,1499.9808349609375,normal spread,B block A,2036
52,A,60,5725,0.0,7.499049663543701,1499.809814453125,normal spread,B block A,2036
53,A,82,5725,0.0,7.499059200286865,1499.8118896484375,normal spread,B block A,2036
54,A,123,5725,0.0,7.4986677169799805,1499.7337646484375,normal spread,B block A,2036
55,A,157,5725,0.0,7.496654987335205,1499.3310546875,normal spread,B block A,2036
56,A,203,5725,0.0,7.496661186218262,1499.3323974609375,normal spread,B block A,2036
57,A,247,5725,0.0,7.496695518493652,1499.3389892578125,normal spread,B block A,2036
58,A,279,5725,0.0,7.496728897094727,1499.3458251953125,normal spread,B block A,2036
59,A,318,5725,0.0,7.49652099609375,1499.30419921875,normal spread,B block A,2036
60,A,347,5725,0.0,7.495545864105225,1499.109375,normal spread,B block A,2036
61,A,376,5725,0.0,7.495488166809082,1499.0975341796875,normal spread,B block A,2036
62,A,397,5727,0.0,7.4955339431762695,1499.1065673828125,normal spread,B block A,2036
63,A,435,5728,0.0,7.495519161224365,1499.1038818359375,normal spread,B block A,2036
64,A,479,5728,0.0,7.494789123535156,1498.9580078125,normal spread,B block A,2036
65,A,505,5732,0.0,7.49436092376709,1498.8720703125,normal spread,B block A,2036
66,A,540,5735,0.0,7.494322776794434,1498.864501953125,normal spread,B block A,2036
67,A,572,5739,0.0,7.49437141418457,1498.8741455078125,normal spread,B block A,2036
68,A,593,5740,0.0,7.49442720413208,1498.8853759765625,normal spread,B block A,2036
69,A,614,5747,0.0,7.49448299407959,1498.896728515625,normal spread,B block A,2036
70,A,628,5755,0.0,7.494538307189941,1498.90771484375,normal spread,B block A,2036
71,A,634,5769,0.0,7.494592666625977,1498.9185791015625,normal spread,B block A,2036
72,A,638,5786,0.0,7.4946465492248535,1498.9293212890625,normal spread,B block A,2036
73,A,651,5793,0.0,7.494699954986572,1498.93994140625,normal spread,B block A,2036
74,A,665,5809,0.0,7.494752883911133,1498.9505615234375,normal spread,B block A,2036
75,A,671,5824,0.0,7.494804859161377,1498.9610595703125,normal spread,B block A,2036
76,A,678,5840,0.0,7.494856834411621,1498.9713134765625,normal spread,B block A,2036
77,A,693,5850,0.0,7.494016170501709,1498.8031005859375,normal spread,B block A,2036
78,A,704,5865,0.0,7.491906642913818,1498.38134765625,normal spread,B block A,2036
79,A,703,5878,0.0,7.490789413452148,1498.1578369140625,normal spread,B block A,2036
80,A,707,5888,0.0,7.489511013031006,1497.902099609375,normal spread,B block A,2036
81,A,720,5892,0.0,7.48854923248291,1497.7098388671875,normal spread,B block A,2036
82,A,737,5901,0.0,7.488354206085205,1497.6708984375,normal spread,B block A,2036
83,A,750,5906,0.0,7.488448143005371,1497.6895751953125,normal spread,B block A,2036
84,A,772,5913,0.0,7.488561630249023,1497.71240234375,normal spread,B block A,2036
85,A,777,5921,0.0,7.488322734832764,1497.6644287109375,normal spread,B block A,2036
86,A,781,5929,0.0,7.487273216247559,1497.45458984375,normal spread,B block A,2036
87,A,788,5939,0.0,7.486549377441406,1497.309814453125,normal spread,B block A,2036
88,A,806,5945,0.0,7.486449718475342,1497.2899169921875,normal spread,B block A,2036
89,A,811,5952,0.0,7.48658561706543,1497.3170166015625,normal spread,B block A,2036
90,A,815,5959,0.0,7.486719608306885,1497.3438720703125,normal spread,B block A,2036
91,A,814,5974,0.0,7.48681640625,1497.36328125,normal spread,B block A,2036
92,A,812,5984,0.0,7.486856460571289,1497.371337890625,normal spread,B block A,2036
93,A,814,5993,0.0,7.486981391906738,1497.396484375,normal spread,B block A,2036
94,A,818,6002,0.0,7.487112045288086,1497.4224853515625,normal spread,B block A,2036
95,A,823,6011,0.0,7.48708438873291,1497.4168701171875,normal spread,B block A,2036
96,A,830,6014,0.0,7.486520290374756,1497.3038330078125,normal spread,B block A,2036
97,A,823,6026,0.0,7.485803604125977,1497.160888671875,normal spread,B block A,2036
98,A,820,6034,0.0,7.485309600830078,1497.061767578125,normal spread,B block A,2036
99,A,820,6042,0.0,7.485456466674805,1497.0911865234375,normal spread,B block A,2036
100,A,818,6053,0.0,7.485601425170898,1497.1202392578125,normal spread,B block A,2036
1,A,657,5512,0.0,7.499841690063477,1499.9683837890625,no spread,A only,2036
2,A,657,5512,0.0,7.498430252075195,1499.6861572265625,no spread,A only,2036
3,A,657,5512,0.0,7.498446464538574,1499.6893310546875,no spread,A only,2036
4,A,607,5562,0.0,7.497095108032227,1499.4190673828125,no spread,A only,2036
5,A,607,5562,0.0,7.494428634643555,1498.8857421875,no spread,A only,2036
6,A,453,5716,0.0,7.494484901428223,1498.8968505859375,no spread,A only,2036
7,A,453,5716,0.0,7.4945387840271,1498.90771484375,no spread,A only,2036
8,A,424,5745,0.0,7.494593620300293,1498.9188232421875,no spread,A only,2036
9,A,424,5745,0.0,7.492845058441162,1498.569091796875,no spread,A only,2036
10,A,424,5745,0.0,7.492470741271973,1498.494140625,no spread,A only,2036
11,A,428,5745,0.0,7.492545127868652,1498.509033203125,no spread,A only,2036
12,A,347,5829,0.0,7.49240779876709,1498.481689453125,no spread,A only,2036
13,A,347,5829,0.0,7.490340709686279,1498.0679931640625,no spread,A only,2036
14,A,376,5829,0.0,7.490414619445801,1498.0831298828125,no spread,A only,2036
15,A,370,5835,0.0,7.490509986877441,1498.1021728515625,no spread,A only,2036
16,A,387,5835,0.0,7.490604877471924,1498.12109375,no spread,A only,2036
17,A,393,5835,0.0,7.490699768066406,1498.1397705078125,no spread,A only,2036
18,A,393,5835,0.0,7.490792274475098,1498.1583251953125,no spread,A only,2036
19,A,393,5835,0.0,7.490884780883789,1498.177001953125,no spread,A only,2036
20,A,369,5859,0.0,7.490975379943848,1498.195068359375,no spread,A only,2036
21,A,413,5859,0.0,7.49106502532959,1498.213134765625,no spread,A only,2036
22,A,413,5859,0.0,7.491154670715332,1498.23095703125,no spread,A only,2036
23,A,413,5859,0.0,7.491243362426758,1498.248779296875,no spread,A only,2036
24,A,444,5859,0.0,7.491332054138184,1498.2662353515625,no spread,A only,2036
25,A,481,5859,0.0,7.49141788482666,1498.2835693359375,no spread,A only,2036
26,A,481,5859,0.0,7.4882378578186035,1497.6475830078125,no spread,A only,2036
27,A,481,5859,0.0,7.480663776397705,1496.1326904296875,no spread,A only,2036
28,A,481,5859,0.0,7.47994327545166,1495.9886474609375,no spread,A only,2036
29,A,481,5859,0.0,7.4801435470581055,1496.028564453125,no spread,A only,2036
30,A,481,5859,0.0,7.480340957641602,1496.0682373046875,no spread,A only,2036
31,A,481,5859,0.0,7.480536937713623,1496.1072998046875,no spread,A only,2036
32,A,542,5859,0.0,7.480641841888428,1496.1282958984375,no spread,A only,2036
33,A,542,5859,0.0,7.476480007171631,1495.2960205078125,no spread,A only,2036
34,A,542,5859,0.0,7.476714134216309,1495.3427734375,no spread,A only,2036
35,A,556,5859,0.0,7.476945877075195,1495.38916015625,no spread,A only,2036
36,A,556,5859,0.0,7.477068901062012,1495.413818359375,no spread,A only,2036
37,A,542,5873,0.0,7.4771728515625,1495.4345703125,no spread,A only,2036
38,A,542,5873,0.0,7.477401256561279,1495.4801025390625,no spread,A only,2036
39,A,469,5946,0.0,7.477625846862793,1495.525146484375,no spread,A only,2036
40,A,469,5946,0.0,7.477849006652832,1495.56982421875,no spread,A only,2036
41,A,456,5959,0.0,7.478070259094238,1495.614013671875,no spread,A only,2036
42,A,456,5959,0.0,7.4766693115234375,1495.3338623046875,no spread,A only,2036
43,A,430,5985,0.0,7.476869106292725,1495.373779296875,no spread,A only,2036
44,A,430,5985,0.0,7.476818561553955,1495.36376953125,no spread,A only,2036
45,A,430,5985,0.0,7.475009441375732,1495.0018310546875,no spread,A only,2036
46,A,430,5985,0.0,7.4752583503723145,1495.0516357421875,no spread,A only,2036
47,A,430,5985,0.0,7.475505352020264,1495.10107421875,no spread,A only,2036
48,A,445,5985,0.0,7.4757490158081055,1495.1497802734375,no spread,A only,2036
49,A,384,6046,0.0,7.4759907722473145,1495.1981201171875,no spread,A only,2036
50,A,384,6046,0.0,7.476229667663574,1495.2459716796875,no spread,A only,2036
51,A,395,6046,0.0,7.476466655731201,1495.29345703125,no spread,A only,2036
52,A,416,6046,0.0,7.476701736450195,1495.34033203125,no spread,A only,2036
53,A,450,6046,0.0,7.476934432983398,1495.3868408203125,no spread,A only,2036
54,A,450,6046,0.0,7.477164268493652,1495.432861328125,no spread,A only,2036
55,A,447,6064,0.0,7.471860885620117,1494.372314453125,no spread,A only,2036
56,A,447,6064,0.0,7.454520225524902,1490.9041748046875,no spread,A only,2036
57,A,458,6064,0.0,7.454972267150879,1490.9945068359375,no spread,A only,2036
58,A,467,6064,0.0,7.455419540405273,1491.0838623046875,no spread,A only,2036
59,A,467,6064,0.0,7.4558634757995605,1491.172607421875,no spread,A only,2036
60,A,467,6064,0.0,7.456302165985107,1491.26025390625,no spread,A only,2036
61,A,477,6064,0.0,7.456736087799072,1491.3472900390625,no spread,A only,2036
62,A,477,6064,0.0,7.457165718078613,1491.43310546875,no spread,A only,2036
63,A,477,6064,0.0,7.457592487335205,1491.5185546875,no spread,A only,2036
64,A,505,6064,0.0,7.458013534545898,1491.6026611328125,no spread,A only,2036
65,A,505,6064,0.0,7.458431243896484,1491.6864013671875,no spread,A only,2036
66,A,505,6064,0.0,7.458845138549805,1491.7689208984375,no spread,A only,2036
67,A,505,6064,0.0,7.459255218505859,1491.850830078125,no spread,A only,2036
68,A,436,6142,0.0,7.457027435302734,1491.405517578125,no spread,A only,2036
69,A,436,6142,0.0,7.454136371612549,1490.827392578125,no spread,A only,2036
70,A,449,6142,0.0,7.454592704772949,1490.9185791015625,no spread,A only,2036
71,A,461,6142,0.0,7.455043792724609,1491.0087890625,no spread,A only,2036
72,A,461,6142,0.0,7.455491065979004,1491.0982666015625,no spread,A only,2036
73,A,461,6142,0.0,7.431222915649414,1486.244384765625,no spread,A only,2036
74,A,461,6142,0.0,7.405388832092285,1481.07763671875,no spread,A only,2036
75,A,443,6160,0.0,7.397636890411377,1479.5274658203125,no spread,A only,2036
76,A,443,6160,0.0,7.381950855255127,1476.39013671875,no spread,A only,2036
77,A,443,6160,0.0,7.3747100830078125,1474.94189453125,no spread,A only,2036
78,A,443,6160,0.0,7.371127605438232,1474.2255859375,no spread,A only,2036
79,A,449,6160,0.0,7.372393608093262,1474.478759765625,no spread,A only,2036
80,A,449,6160,0.0,7.373647689819336,1474.7296142578125,no spread,A only,2036
81,A,449,6160,0.0,7.374890327453613,1474.97802734375,no spread,A only,2036
82,A,449,6160,0.0,7.373664379119873,1474.73291015625,no spread,A only,2036
83,A,460,6160,0.0,7.37386417388916,1474.7728271484375,no spread,A only,2036
84,A,467,6160,0.0,7.375103950500488,1475.0208740234375,no spread,A only,2036
85,A,471,6160,0.0,7.376331329345703,1475.2664794921875,no spread,A only,2036
86,A,466,6165,0.0,7.3775482177734375,1475.5096435546875,no spread,A only,2036
87,A,494,6165,0.0,7.378752708435059,1475.75048828125,no spread,A only,2036
88,A,494,6165,0.0,7.379945755004883,1475.989013671875,no spread,A only,2036
89,A,508,6165,0.0,7.38112735748291,1476.2254638671875,no spread,A only,2036
90,A,523,6165,0.0,7.382296085357666,1476.459228515625,no spread,A only,2036
91,A,541,6165,0.0,7.367676734924316,1473.535400390625,no spread,A only,2036
92,A,541,6165,0.0,7.3458662033081055,1469.1732177734375,no spread,A only,2036
93,A,541,6165,0.0,7.335558891296387,1467.11181640625,no spread,A only,2036
94,A,541,6165,0.0,7.317745208740234,1463.5491943359375,no spread,A only,2036
95,A,553,6165,0.0,7.303602695465088,1460.7205810546875,no spread,A only,2036
96,A,553,6165,0.0,7.305514812469482,1461.1029052734375,no spread,A only,2036
97,A,561,6165,0.0,7.307409286499023,1461.4818115234375,no spread,A only,2036
98,A,571,6165,0.0,7.309286117553711,1461.857177734375,no spread,A only,2036
99,A,571,6165,0.0,7.303040504455566,1460.608154296875,no spread,A only,2036
100,A,601,6169,0.0,7.238275051116943,1447.655029296875,no spread,A only,2036
1,B,657,5512,20.76821517944336,0.0,4153.64306640625,no spread,B only,2036
2,B,607,5512,21.37890625,0.0,4275.78076171875,no spread,B only,2036
3,B,557,5512,21.317283630371094,0.0,4263.45654296875,no spread,B only,2036
4,B,477,5542,20.922195434570312,0.0,4184.43896484375,no spread,B only,2036
5,B,427,5542,20.350563049316406,0.0,4070.112548828125,no spread,B only,2036
6,B,244,5675,19.712018966674805,0.0,3942.4033203125,no spread,B only,2036
7,B,194,5675,17.205310821533203,0.0,3441.062255859375,no spread,B only,2036
8,B,150,5675,12.111597061157227,0.0,2422.3193359375,no spread,B only,2036
9,B,119,5675,9.187355041503906,0.0,1837.470947265625,no spread,B only,2036
10,B,95,5675,7.208068370819092,0.0,1441.6136474609375,no spread,B only,2036
11,B,81,5675,5.700131416320801,0.0,1140.0262451171875,no spread,B only,2036
12,B,69,5675,5.465763092041016,0.0,1093.1527099609375,no spread,B only,2036
13,B,55,5675,5.021246433258057,0.0,1004.249267578125,no spread,B only,2036
14,B,72,5675,7.213904857635498,0.0,1442.7808837890625,no spread,B only,2036
15,B,50,5675,5.773548603057861,0.0,1154.709716796875,no spread,B only,2036
16,B,50,5675,6.810593605041504,0.0,1362.11865234375,no spread,B only,2036
17,B,35,5675,2.6414811611175537,0.0,528.2962646484375,no spread,B only,2036
18,B,26,5675,0.0,0.0,0.0,no spread,B only,2036
19,B,26,5675,0.0,0.0,0.0,no spread,B only,2036
20,B,26,5675,0.0,0.0,0.0,no spread,B only,2036
21,B,70,5675,7.608224868774414,0.0,1521.64501953125,no spread,B only,2036
22,B,44,5675,4.413493633270264,0.0,882.69873046875,no spread,B only,2036
23,B,29,5675,0.8875300884246826,0.0,177.50601196289062,no spread,B only,2036
24,B,57,5675,6.44696044921875,0.0,1289.39208984375,no spread,B only,2036
25,B,72,5675,10.270273208618164,0.0,2054.054443359375,no spread,B only,2036
26,B,37,5675,2.946244716644287,0.0,589.2489624023438,no spread,B only,2036
27,B,27,5675,0.29623526334762573,0.0,59.24705123901367,no spread,B only,2036
28,B,26,5675,0.0,0.0,0.0,no spread,B only,2036
29,B,26,5675,0.0,0.0,0.0,no spread,B only,2036
30,B,26,5675,0.0,0.0,0.0,no spread,B only,2036
31,B,26,5675,0.0,0.0,0.0,no spread,B only,2036
32,B,87,5675,9.373432159423828,0.0,1874.6864013671875,no spread,B only,2036
33,B,55,5675,5.296167850494385,0.0,1059.2335205078125,no spread,B only,2036
34,B,37,5675,3.2542614936828613,0.0,650.8523559570312,no spread,B only,2036
35,B,40,5675,3.8032593727111816,0.0,760.6517944335938,no spread,B only,2036
36,B,27,5675,0.2941672205924988,0.0,58.83344268798828,no spread,B only,2036
37,B,26,5675,0.0,0.0,0.0,no spread,B only,2036
38,B,26,5675,0.0,0.0,0.0,no spread,B only,2036
39,B,26,5675,0.0,0.0,0.0,no spread,B only,2036
40,B,26,5675,0.0,0.0,0.0,no spread,B only,2036
41,B,26,5675,0.0,0.0,0.0,no spread,B only,2036
42,B,26,5675,0.0,0.0,0.0,no spread,B only,2036
43,B,0,5701,0.0,0.0,0.0,no spread,B only,2036
44,B,0,5701,0.0,0.0,0.0,no spread,B only,2036
45,B,0,5701,0.0,0.0,0.0,no spread,B only,2036
46,B,0,5701,0.0,0.0,0.0,no spread,B only,2036
47,B,0,5701,0.0,0.0,0.0,no spread,B only,2036
48,B,15,5701,3.820420980453491,0.0,764.0841674804688,no spread,B only,2036
49,B,2,5701,0.5909772515296936,0.0,118.19544982910156,no spread,B only,2036
50,B,0,5701,0.0,0.0,0.0,no spread,B only,2036
51,B,11,5701,3.2304792404174805,0.0,646.0958862304688,no spread,B only,2036
52,B,21,5701,3.8065848350524902,0.0,761.31689453125,no spread,B only,2036
53,B,42,5701,9.977760314941406,0.0,1995.552001953125,no spread,B only,2036
54,B,8,5701,2.3582210540771484,0.0,471.64422607421875,no spread,B only,2036
55,B,15,5701,3.5168142318725586,0.0,703.3627319335938,no spread,B only,2036
56,B,3,5701,0.8840312957763672,0.0,176.80625915527344,no spread,B only,2036
57,B,11,5701,3.218538522720337,0.0,643.7076416015625,no spread,B only,2036
58,B,9,5701,2.3503804206848145,0.0,470.0760803222656,no spread,B only,2036
59,B,1,5701,0.29540759325027466,0.0,59.081520080566406,no spread,B only,2036
60,B,0,5701,0.0,0.0,0.0,no spread,B only,2036
61,B,10,5701,2.6335220336914062,0.0,526.7044677734375,no spread,B only,2036
62,B,1,5701,0.2942224442958832,0.0,58.84449005126953,no spread,B only,2036
63,B,0,5701,0.0,0.0,0.0,no spread,B only,2036
64,B,28,5701,3.8120439052581787,0.0,762.4087524414062,no spread,B only,2036
65,B,15,5701,2.358825445175171,0.0,471.76507568359375,no spread,B only,2036
66,B,7,5701,2.075249195098877,0.0,415.0498352050781,no spread,B only,2036
67,B,0,5701,0.0,0.0,0.0,no spread,B only,2036
68,B,9,5701,2.636519193649292,0.0,527.3038330078125,no spread,B only,2036
69,B,0,5701,0.0,0.0,0.0,no spread,B only,2036
70,B,13,5701,3.5126070976257324,0.0,702.5214233398438,no spread,B only,2036
71,B,13,5701,3.521449327468872,0.0,704.2898559570312,no spread,B only,2036
72,B,1,5701,0.29498445987701416,0.0,58.996891021728516,no spread,B only,2036
73,B,0,5701,0.0,0.0,0.0,no spread,B only,2036
74,B,0,5701,0.0,0.0,0.0,no spread,B only,2036
75,B,0,5701,0.0,0.0,0.0,no spread,B only,2036
76,B,0,5701,0.0,0.0,0.0,no spread,B only,2036
77,B,0,5701,0.0,0.0,0.0,no spread,B only,2036
78,B,0,5701,0.0,0.0,0.0,no spread,B only,2036
79,B,6,5701,1.7562873363494873,0.0,351.2574462890625,no spread,B only,2036
80,B,0,5701,0.0,0.0,0.0,no spread,B only,2036
81,B,0,5701,0.0,0.0,0.0,no spread,B only,2036
82,B,0,5701,0.0,0.0,0.0,no spread,B only,2036
83,B,11,5701,2.3417775630950928,0.0,468.35546875,no spread,B only,2036
84,B,10,5701,2.642868995666504,0.0,528.5737915039062,no spread,B only,2036
85,B,5,5701,1.4711836576461792,0.0,294.2367248535156,no spread,B only,2036
86,B,0,5701,0.0,0.0,0.0,no spread,B only,2036
87,B,28,5701,7.0385589599609375,0.0,1407.7117919921875,no spread,B only,2036
88,B,4,5701,1.1784340143203735,0.0,235.68679809570312,no spread,B only,2036
89,B,14,5701,2.6426327228546143,0.0,528.526611328125,no spread,B only,2036
90,B,20,5701,4.986785888671875,0.0,997.357177734375,no spread,B only,2036
91,B,21,5701,4.9776105880737305,0.0,995.5220336914062,no spread,B only,2036
92,B,4,5701,1.1764726638793945,0.0,235.29452514648438,no spread,B only,2036
93,B,0,5701,0.0,0.0,0.0,no spread,B only,2036
94,B,0,5701,0.0,0.0,0.0,no spread,B only,2036
95,B,18,5701,4.979786396026611,0.0,995.957275390625,no spread,B only,2036
96,B,17,5701,4.111539840698242,0.0,822.3079833984375,no spread,B only,2036
97,B,29,5701,8.507054328918457,0.0,1701.4110107421875,no spread,B only,2036
98,B,33,5701,7.035310745239258,0.0,1407.0621337890625,no spread,B only,2036
99,B,40,5701,11.452592849731445,0.0,2290.518310546875,no spread,B only,2036
100,B,63,5701,14.678669929504395,0.0,2935.73388671875,no spread,B only,2036
1,A,657,5512,0.0,7.499841690063477,1499.9683837890625,no spread,AB,2036
2,B,657,5512,20.84197235107422,0.0,4168.39453125,no spread,AB,2036
3,A,607,5512,0.0,7.498446464538574,1499.6893310546875,no spread,AB,2036
4,B,563,5556,21.133251190185547,0.0,4226.64990234375,no spread,AB,2036
5,A,513,5556,0.0,7.498477935791016,1499.6954345703125,no spread,AB,2036
6,B,364,5705,21.014442443847656,0.0,4202.888671875,no spread,AB,2036
7,A,314,5705,0.0,7.4971818923950195,1499.4364013671875,no spread,AB,2036
8,B,306,5713,20.636192321777344,0.0,4127.23828125,no spread,AB,2036
9,A,256,5713,0.0,7.494647979736328,1498.9295654296875,no spread,AB,2036
10,B,256,5713,20.19835662841797,0.0,4039.6708984375,no spread,AB,2036
11,A,210,5713,0.0,7.494753837585449,1498.9508056640625,no spread,AB,2036
12,B,197,5729,15.724749565124512,0.0,3144.94970703125,no spread,AB,2036
13,A,154,5729,0.0,7.494858264923096,1498.9718017578125,no spread,AB,2036
14,B,183,5729,13.055767059326172,0.0,2611.1533203125,no spread,AB,2036
15,A,145,5729,0.0,7.494961261749268,1498.9921875,no spread,AB,2036
16,B,162,5729,13.052529335021973,0.0,2610.506103515625,no spread,AB,2036
17,A,128,5729,0.0,7.493396759033203,1498.6793212890625,no spread,AB,2036
18,B,128,5729,7.5974345207214355,0.0,1519.4869384765625,no spread,AB,2036
19,A,106,5729,0.0,7.493121147155762,1498.624267578125,no spread,AB,2036
20,B,106,5729,2.7204155921936035,0.0,544.0831909179688,no spread,AB,2036
21,A,143,5729,0.0,7.493257522583008,1498.6514892578125,no spread,AB,2036
22,B,143,5729,7.650055408477783,0.0,1530.01123046875,no spread,AB,2036
23,A,117,5729,0.0,7.493201732635498,1498.640380859375,no spread,AB,2036
24,B,148,5729,10.90878963470459,0.0,2181.7578125,no spread,AB,2036
25,A,148,5729,0.0,7.491437911987305,1498.2874755859375,no spread,AB,2036
26,B,148,5729,11.228660583496094,0.0,2245.732177734375,no spread,AB,2036
27,A,110,5729,0.0,7.491588592529297,1498.3177490234375,no spread,AB,2036
28,B,110,5729,2.978475570678711,0.0,595.6951293945312,no spread,AB,2036
29,A,100,5729,0.0,7.491756439208984,1498.351318359375,no spread,AB,2036
30,B,100,5729,0.30107617378234863,0.0,60.215232849121094,no spread,AB,2036
31,A,99,5729,0.0,7.49191951751709,1498.3839111328125,no spread,AB,2036
32,B,160,5729,9.373432159423828,0.0,1874.6864013671875,no spread,AB,2036
33,A,128,5729,0.0,7.4920806884765625,1498.416015625,no spread,AB,2036
34,B,128,5729,5.325155258178711,0.0,1065.0311279296875,no spread,AB,2036
35,A,124,5729,0.0,7.4922380447387695,1498.44775390625,no spread,AB,2036
36,B,124,5729,7.113913059234619,0.0,1422.7825927734375,no spread,AB,2036
37,A,100,5729,0.0,7.492392539978027,1498.478515625,no spread,AB,2036
38,B,100,5729,0.2973894476890564,0.0,59.47789001464844,no spread,AB,2036
39,A,26,5802,0.0,7.4925432205200195,1498.5086669921875,no spread,AB,2036
40,B,26,5802,0.0,0.0,0.0,no spread,AB,2036
41,A,26,5802,0.0,7.492691993713379,1498.5384521484375,no spread,AB,2036
42,B,26,5802,0.0,0.0,0.0,no spread,AB,2036
43,A,0,5828,0.0,7.492837429046631,1498.5673828125,no spread,AB,2036
44,B,0,5828,0.0,0.0,0.0,no spread,AB,2036
45,A,0,5828,0.0,7.492978572845459,1498.5958251953125,no spread,AB,2036
46,B,0,5828,0.0,0.0,0.0,no spread,AB,2036
47,A,0,5828,0.0,7.493119239807129,1498.6239013671875,no spread,AB,2036
48,B,15,5828,3.820420980453491,0.0,764.0841674804688,no spread,AB,2036
49,A,2,5828,0.0,7.493255615234375,1498.651123046875,no spread,AB,2036
50,B,2,5828,0.5942004323005676,0.0,118.840087890625,no spread,AB,2036
51,A,11,5828,0.0,7.490848064422607,1498.1695556640625,no spread,AB,2036
52,B,32,5828,7.05477237701416,0.0,1410.9547119140625,no spread,AB,2036
53,A,42,5828,0.0,7.485099792480469,1497.02001953125,no spread,AB,2036
54,B,42,5828,10.032489776611328,0.0,2006.4979248046875,no spread,AB,2036
55,A,23,5828,0.0,7.484699249267578,1496.9400634765625,no spread,AB,2036
56,B,23,5828,5.920132160186768,0.0,1184.0267333984375,no spread,AB,2036
57,A,14,5828,0.0,7.485003471374512,1497.000732421875,no spread,AB,2036
58,B,23,5828,6.480317115783691,0.0,1296.0634765625,no spread,AB,2036
59,A,1,5828,0.0,7.485301971435547,1497.060302734375,no spread,AB,2036
60,B,1,5828,0.2970191240310669,0.0,59.40382385253906,no spread,AB,2036
61,A,10,5828,0.0,7.485593795776367,1497.1187744140625,no spread,AB,2036
62,B,10,5828,2.6480016708374023,0.0,529.6004028320312,no spread,AB,2036
63,A,1,5828,0.0,7.485814094543457,1497.162841796875,no spread,AB,2036
64,B,29,5828,4.109488487243652,0.0,821.897705078125,no spread,AB,2036
65,A,15,5828,0.0,7.482933044433594,1496.586669921875,no spread,AB,2036
66,B,15,5828,2.371713399887085,0.0,474.3426818847656,no spread,AB,2036
67,A,7,5828,0.0,7.483272552490234,1496.654541015625,no spread,AB,2036
68,B,16,5828,4.7343525886535645,0.0,946.8705444335938,no spread,AB,2036
69,A,0,5828,0.0,7.483604431152344,1496.720947265625,no spread,AB,2036
70,B,13,5828,3.5126070976257324,0.0,702.5214233398438,no spread,AB,2036
71,A,13,5828,0.0,7.483855247497559,1496.77099609375,no spread,AB,2036
72,B,13,5828,3.5407655239105225,0.0,708.1531372070312,no spread,AB,2036
73,A,1,5828,0.0,7.484089374542236,1496.8177490234375,no spread,AB,2036
74,B,1,5828,0.29820817708969116,0.0,59.64163589477539,no spread,AB,2036
75,A,0,5828,0.0,7.484404563903809,1496.880859375,no spread,AB,2036
76,B,0,5828,0.0,0.0,0.0,no spread,AB,2036
77,A,0,5828,0.0,7.484715461730957,1496.9429931640625,no spread,AB,2036
78,B,0,5828,0.0,0.0,0.0,no spread,AB,2036
79,A,6,5828,0.0,7.485018730163574,1497.0037841796875,no spread,AB,2036
80,B,6,5828,1.7659409046173096,0.0,353.1882019042969,no spread,AB,2036
81,A,0,5828,0.0,7.485315322875977,1497.0631103515625,no spread,AB,2036
82,B,0,5828,0.0,0.0,0.0,no spread,AB,2036
83,A,11,5828,0.0,7.484532833099365,1496.9066162109375,no spread,AB,2036
84,B,18,5828,4.114524841308594,0.0,822.9049682617188,no spread,AB,2036
85,A,8,5828,0.0,7.484818935394287,1496.9637451171875,no spread,AB,2036
86,B,8,5828,2.371896743774414,0.0,474.37933349609375,no spread,AB,2036
87,A,28,5828,0.0,7.48493766784668,1496.987548828125,no spread,AB,2036
88,B,28,5828,7.077187538146973,0.0,1415.4373779296875,no spread,AB,2036
89,A,18,5828,0.0,7.483922004699707,1496.784423828125,no spread,AB,2036
90,B,33,5828,7.359055042266846,0.0,1471.81103515625,no spread,AB,2036
91,A,26,5828,0.0,7.484240531921387,1496.84814453125,no spread,AB,2036
92,B,26,5828,6.497262954711914,0.0,1299.45263671875,no spread,AB,2036
93,A,4,5828,0.0,7.484553813934326,1496.9107666015625,no spread,AB,2036
94,B,4,5828,1.189361333847046,0.0,237.8722686767578,no spread,AB,2036
95,A,12,5828,0.0,7.484860420227051,1496.9720458984375,no spread,AB,2036
96,B,18,5828,5.001374244689941,0.0,1000.2748413085938,no spread,AB,2036
97,A,16,5828,0.0,7.485161781311035,1497.0322265625,no spread,AB,2036
98,B,29,5828,6.77114200592041,0.0,1354.2283935546875,no spread,AB,2036
99,A,24,5828,0.0,7.485456466674805,1497.0911865234375,no spread,AB,2036
100,B,86,5828,14.704258918762207,0.0,2940.851806640625,no spread,AB,2036
1,B,657,5512,20.76821517944336,0.0,4153.64306640625,no spread,BA,2036
2,A,607,5512,0.0,7.499843120574951,1499.9686279296875,no spread,BA,2036
3,B,607,5512,21.451454162597656,0.0,4290.291015625,no spread,BA,2036
4,A,520,5549,0.0,7.498461723327637,1499.6922607421875,no spread,BA,2036
5,B,520,5549,21.26016616821289,0.0,4252.03271484375,no spread,BA,2036
6,A,326,5693,0.0,7.498492240905762,1499.698486328125,no spread,BA,2036
7,B,326,5693,20.81357765197754,0.0,4162.71533203125,no spread,BA,2036
8,A,275,5694,0.0,7.4972100257873535,1499.44189453125,no spread,BA,2036
9,B,275,5694,20.184511184692383,0.0,4036.90234375,no spread,BA,2036
10,A,225,5694,0.0,7.494701862335205,1498.9403076171875,no spread,BA,2036
11,B,229,5694,19.553316116333008,0.0,3910.662841796875,no spread,BA,2036
12,A,169,5707,0.0,7.494806289672852,1498.9613037109375,no spread,BA,2036
13,B,169,5707,11.40306568145752,0.0,2280.613037109375,no spread,BA,2036
14,A,167,5707,0.0,7.49491024017334,1498.9820556640625,no spread,BA,2036
15,B,167,5707,10.841451644897461,0.0,2168.2900390625,no spread,BA,2036
16,A,152,5707,0.0,7.495011329650879,1499.0023193359375,no spread,BA,2036
17,B,158,5707,15.283130645751953,0.0,3056.626220703125,no spread,BA,2036
18,A,111,5707,0.0,7.493463516235352,1498.6927490234375,no spread,BA,2036
19,B,111,5707,4.206070423126221,0.0,841.2139892578125,no spread,BA,2036
20,A,99,5707,0.0,7.493189811706543,1498.637939453125,no spread,BA,2036
21,B,143,5707,7.608224868774414,0.0,1521.64501953125,no spread,BA,2036
22,A,117,5707,0.0,7.493325233459473,1498.6650390625,no spread,BA,2036
23,B,117,5707,4.437650680541992,0.0,887.5301513671875,no spread,BA,2036
24,A,133,5707,0.0,7.493269920349121,1498.6539306640625,no spread,BA,2036
25,B,170,5707,14.703311920166016,0.0,2940.662841796875,no spread,BA,2036
26,A,120,5707,0.0,7.491523265838623,1498.3045654296875,no spread,BA,2036
27,B,120,5707,5.941112995147705,0.0,1188.22265625,no spread,BA,2036
28,A,100,5707,0.0,7.491672515869141,1498.3345947265625,no spread,BA,2036
29,B,100,5707,0.2994612157344818,0.0,59.892242431640625,no spread,BA,2036
30,A,99,5707,0.0,7.491838455200195,1498.3675537109375,no spread,BA,2036
31,B,99,5707,0.0,0.0,0.0,no spread,BA,2036
32,A,160,5707,0.0,7.492000579833984,1498.4002685546875,no spread,BA,2036
33,B,160,5707,9.424924850463867,0.0,1884.985107421875,no spread,BA,2036
34,A,128,5707,0.0,7.492159843444824,1498.4320068359375,no spread,BA,2036
35,B,142,5707,9.157430648803711,0.0,1831.4859619140625,no spread,BA,2036
36,A,111,5707,0.0,7.49231481552124,1498.462890625,no spread,BA,2036
37,B,111,5707,3.603278160095215,0.0,720.6556396484375,no spread,BA,2036
38,A,99,5707,0.0,7.492467880249023,1498.49365234375,no spread,BA,2036
39,B,26,5780,0.0,0.0,0.0,no spread,BA,2036
40,A,26,5780,0.0,7.492618560791016,1498.523681640625,no spread,BA,2036
41,B,26,5780,0.0,0.0,0.0,no spread,BA,2036
42,A,26,5780,0.0,7.492763519287109,1498.5528564453125,no spread,BA,2036
43,B,0,5806,0.0,0.0,0.0,no spread,BA,2036
44,A,0,5806,0.0,7.492908954620361,1498.5816650390625,no spread,BA,2036
45,B,0,5806,0.0,0.0,0.0,no spread,BA,2036
46,A,0,5806,0.0,7.493049621582031,1498.60986328125,no spread,BA,2036
47,B,0,5806,0.0,0.0,0.0,no spread,BA,2036
48,A,15,5806,0.0,7.493186950683594,1498.637451171875,no spread,BA,2036
49,B,15,5806,3.8413519859313965,0.0,768.2703857421875,no spread,BA,2036
50,A,2,5806,0.0,7.493322849273682,1498.6646728515625,no spread,BA,2036
51,B,13,5806,3.8279056549072266,0.0,765.5812377929688,no spread,BA,2036
52,A,21,5806,0.0,7.490939140319824,1498.1878662109375,no spread,BA,2036
53,B,55,5806,11.449875831604004,0.0,2289.975341796875,no spread,BA,2036
54,A,16,5806,0.0,7.485248565673828,1497.0499267578125,no spread,BA,2036
55,B,31,5806,8.26909065246582,0.0,1653.818115234375,no spread,BA,2036
56,A,3,5806,0.0,7.484853744506836,1496.970703125,no spread,BA,2036
57,B,14,5806,4.107402324676514,0.0,821.48046875,no spread,BA,2036
58,A,9,5806,0.0,7.485153675079346,1497.0306396484375,no spread,BA,2036
59,B,9,5806,2.3632607460021973,0.0,472.65216064453125,no spread,BA,2036
60,A,1,5806,0.0,7.485448837280273,1497.0897216796875,no spread,BA,2036
61,B,11,5806,2.9321541786193848,0.0,586.430908203125,no spread,BA,2036
62,A,1,5806,0.0,7.4857378005981445,1497.1475830078125,no spread,BA,2036
63,B,1,5806,0.29583290219306946,0.0,59.16658020019531,no spread,BA,2036
64,A,28,5806,0.0,7.485955238342285,1497.1910400390625,no spread,BA,2036
65,B,28,5806,3.8329672813415527,0.0,766.5933837890625,no spread,BA,2036
66,A,15,5806,0.0,7.4831037521362305,1496.6207275390625,no spread,BA,2036
67,B,15,5806,2.384613275527954,0.0,476.92266845703125,no spread,BA,2036
68,A,16,5806,0.0,7.4834394454956055,1496.6878662109375,no spread,BA,2036
69,B,16,5806,4.760141372680664,0.0,952.0282592773438,no spread,BA,2036
70,A,13,5806,0.0,7.483767509460449,1496.7535400390625,no spread,BA,2036
71,B,25,5806,6.759037494659424,0.0,1351.8076171875,no spread,BA,2036
72,A,2,5806,0.0,7.484015464782715,1496.8031005859375,no spread,BA,2036
73,B,2,5806,0.594144344329834,0.0,118.82887268066406,no spread,BA,2036
74,A,0,5806,0.0,7.484248161315918,1496.8494873046875,no spread,BA,2036
75,B,0,5806,0.0,0.0,0.0,no spread,BA,2036
76,A,0,5806,0.0,7.484560489654541,1496.9119873046875,no spread,BA,2036
77,B,0,5806,0.0,0.0,0.0,no spread,BA,2036
78,A,0,5806,0.0,7.484868049621582,1496.973388671875,no spread,BA,2036
79,B,6,5806,1.7562873363494873,0.0,351.2574462890625,no spread,BA,2036
80,A,0,5806,0.0,7.485167980194092,1497.033447265625,no spread,BA,2036
81,B,0,5806,0.0,0.0,0.0,no spread,BA,2036
82,A,0,5806,0.0,7.485462188720703,1497.0924072265625,no spread,BA,2036
83,B,11,5806,2.3417775630950928,0.0,468.35546875,no spread,BA,2036
84,A,10,5806,0.0,7.4846882820129395,1496.9375,no spread,BA,2036
85,B,14,5806,3.8336195945739746,0.0,766.7239379882812,no spread,BA,2036
86,A,1,5806,0.0,7.4849700927734375,1496.9940185546875,no spread,BA,2036
87,B,29,5806,7.336704730987549,0.0,1467.3408203125,no spread,BA,2036
88,A,4,5806,0.0,7.485088348388672,1497.017578125,no spread,BA,2036
89,B,18,5806,3.827510118484497,0.0,765.5020751953125,no spread,BA,2036
90,A,20,5806,0.0,7.484082221984863,1496.81640625,no spread,BA,2036
91,B,38,5806,9.10927963256836,0.0,1821.8560791015625,no spread,BA,2036
92,A,7,5806,0.0,7.484397888183594,1496.879638671875,no spread,BA,2036
93,B,7,5806,2.075058937072754,0.0,415.01177978515625,no spread,BA,2036
94,A,0,5806,0.0,7.484707832336426,1496.941650390625,no spread,BA,2036
95,B,18,5806,4.979786396026611,0.0,995.957275390625,no spread,BA,2036
96,A,10,5806,0.0,7.485011577606201,1497.00244140625,no spread,BA,2036
97,B,26,5806,7.641153335571289,0.0,1528.230712890625,no spread,BA,2036
98,A,25,5806,0.0,7.485309600830078,1497.0618896484375,no spread,BA,2036
99,B,40,5806,9.997496604919434,0.0,1999.499267578125,no spread,BA,2036
100,A,68,5806,0.0,7.48560094833374,1497.1202392578125,no spread,BA,2036
1,A,657,5512,0.0,7.499841690063477,1499.9683837890625,no spread,A block B,2036
2,A,657,5512,0.0,7.498430252075195,1499.6861572265625,no spread,A block B,2036
3,A,657,5512,0.0,7.498446464538574,1499.6893310546875,no spread,A block B,2036
4,A,607,5562,0.0,7.497095108032227,1499.4190673828125,no spread,A block B,2036
5,A,607,5562,0.0,7.494428634643555,1498.8857421875,no spread,A block B,2036
6,A,453,5716,0.0,7.494484901428223,1498.8968505859375,no spread,A block B,2036
7,A,453,5716,0.0,7.4945387840271,1498.90771484375,no spread,A block B,2036
8,A,424,5745,0.0,7.494593620300293,1498.9188232421875,no spread,A block B,2036
9,A,424,5745,0.0,7.492845058441162,1498.569091796875,no spread,A block B,2036
10,A,424,5745,0.0,7.492470741271973,1498.494140625,no spread,A block B,2036
11,A,428,5745,0.0,7.492545127868652,1498.509033203125,no spread,A block B,2036
12,A,347,5829,0.0,7.49240779876709,1498.481689453125,no spread,A block B,2036
13,A,347,5829,0.0,7.490340709686279,1498.0679931640625,no spread,A block B,2036
14,A,376,5829,0.0,7.490414619445801,1498.0831298828125,no spread,A block B,2036
15,A,370,5835,0.0,7.490509986877441,1498.1021728515625,no spread,A block B,2036
16,A,387,5835,0.0,7.490604877471924,1498.12109375,no spread,A block B,2036
17,A,393,5835,0.0,7.490699768066406,1498.1397705078125,no spread,A block B,2036
18,A,393,5835,0.0,7.490792274475098,1498.1583251953125,no spread,A block B,2036
19,A,393,5835,0.0,7.490884780883789,1498.177001953125,no spread,A block B,2036
20,A,369,5859,0.0,7.490975379943848,1498.195068359375,no spread,A block B,2036
21,A,413,5859,0.0,7.49106502532959,1498.213134765625,no spread,A block B,2036
22,A,413,5859,0.0,7.491154670715332,1498.23095703125,no spread,A block B,2036
23,A,413,5859,0.0,7.491243362426758,1498.248779296875,no spread,A block B,2036
24,A,444,5859,0.0,7.491332054138184,1498.2662353515625,no spread,A block B,2036
25,A,481,5859,0.0,7.49141788482666,1498.2835693359375,no spread,A block B,2036
26,A,481,5859,0.0,7.4882378578186035,1497.6475830078125,no spread,A block B,2036
27,A,481,5859,0.0,7.480663776397705,1496.1326904296875,no spread,A block B,2036
28,A,481,5859,0.0,7.47994327545166,1495.9886474609375,no spread,A block B,2036
29,A,481,5859,0.0,7.4801435470581055,1496.028564453125,no spread,A block B,2036
30,A,481,5859,0.0,7.480340957641602,1496.0682373046875,no spread,A block B,2036
31,A,481,5859,0.0,7.480536937713623,1496.1072998046875,no spread,A block B,2036
32,A,542,5859,0.0,7.480641841888428,1496.1282958984375,no spread,A block B,2036
33,A,542,5859,0.0,7.476480007171631,1495.2960205078125,no spread,A block B,2036
34,A,542,5859,0.0,7.476714134216309,1495.3427734375,no spread,A block B,2036
35,A,556,5859,0.0,7.476945877075195,1495.38916015625,no spread,A block B,2036
36,A,556,5859,0.0,7.477068901062012,1495.413818359375,no spread,A block B,2036
37,A,542,5873,0.0,7.4771728515625,1495.4345703125,no spread,A block B,2036
38,A,542,5873,0.0,7.477401256561279,1495.4801025390625,no spread,A block B,2036
39,A,469,5946,0.0,7.477625846862793,1495.525146484375,no spread,A block B,2036
40,A,469,5946,0.0,7.477849006652832,1495.56982421875,no spread,A block B,2036
41,A,456,5959,0.0,7.478070259094238,1495.614013671875,no spread,A block B,2036
42,A,456,5959,0.0,7.4766693115234375,1495.3338623046875,no spread,A block B,2036
43,A,430,5985,0.0,7.476869106292725,1495.373779296875,no spread,A block B,2036
44,A,430,5985,0.0,7.476818561553955,1495.36376953125,no spread,A block B,2036
45,A,430,5985,0.0,7.475009441375732,1495.0018310546875,no spread,A block B,2036
46,A,430,5985,0.0,7.4752583503723145,1495.0516357421875,no spread,A block B,2036
47,A,430,5985,0.0,7.475505352020264,1495.10107421875,no spread,A block B,2036
48,A,445,5985,0.0,7.4757490158081055,1495.1497802734375,no spread,A block B,2036
49,A,384,6046,0.0,7.4759907722473145,1495.1981201171875,no spread,A block B,2036
50,A,384,6046,0.0,7.476229667663574,1495.2459716796875,no spread,A block B,2036
51,B,395,6046,18.118724822998047,0.0,3623.744873046875,no spread,A block B,2036
52,B,366,6046,18.037935256958008,0.0,3607.58740234375,no spread,A block B,2036
53,B,350,6046,18.244537353515625,0.0,3648.907470703125,no spread,A block B,2036
54,B,300,6046,18.43729019165039,0.0,3687.4580078125,no spread,A block B,2036
55,B,263,6048,18.15789794921875,0.0,3631.57958984375,no spread,A block B,2036
56,B,213,6048,17.976299285888672,0.0,3595.259765625,no spread,A block B,2036
57,B,174,6048,17.374080657958984,0.0,3474.81640625,no spread,A block B,2036
58,B,133,6048,16.64057159423828,0.0,3328.1142578125,no spread,A block B,2036
59,B,83,6048,15.102859497070312,0.0,3020.57177734375,no spread,A block B,2036
60,B,38,6048,2.0933725833892822,0.0,418.6745300292969,no spread,A block B,2036
61,B,42,6048,3.271777868270874,0.0,654.3555908203125,no spread,A block B,2036
62,B,31,6048,0.5944688320159912,0.0,118.89376831054688,no spread,A block B,2036
63,B,29,6048,0.0,0.0,0.0,no spread,A block B,2036
64,B,57,6048,3.8120439052581787,0.0,762.4087524414062,no spread,A block B,2036
65,B,44,6048,2.358825206756592,0.0,471.76507568359375,no spread,A block B,2036
66,B,36,6048,2.075249195098877,0.0,415.0498352050781,no spread,A block B,2036
67,B,29,6048,0.0,0.0,0.0,no spread,A block B,2036
68,B,38,6048,2.636519193649292,0.0,527.3038330078125,no spread,A block B,2036
69,B,29,6048,0.0,0.0,0.0,no spread,A block B,2036
70,B,42,6048,3.5126073360443115,0.0,702.5214233398438,no spread,A block B,2036
71,B,42,6048,3.521449565887451,0.0,704.2898559570312,no spread,A block B,2036
72,B,30,6048,0.29498445987701416,0.0,58.996891021728516,no spread,A block B,2036
73,B,29,6048,0.0,0.0,0.0,no spread,A block B,2036
74,B,29,6048,0.0,0.0,0.0,no spread,A block B,2036
75,B,29,6048,0.0,0.0,0.0,no spread,A block B,2036
76,B,29,6048,0.0,0.0,0.0,no spread,A block B,2036
77,B,29,6048,0.0,0.0,0.0,no spread,A block B,2036
78,B,29,6048,0.0,0.0,0.0,no spread,A block B,2036
79,B,35,6048,0.8781436085700989,0.0,175.62872314453125,no spread,A block B,2036
80,B,32,6048,0.8829705119132996,0.0,176.59410095214844,no spread,A block B,2036
81,B,29,6048,0.0,0.0,0.0,no spread,A block B,2036
82,B,29,6048,0.0,0.0,0.0,no spread,A block B,2036
83,B,40,6048,1.1708886623382568,0.0,234.177734375,no spread,A block B,2036
84,B,43,6048,2.642868995666504,0.0,528.5737915039062,no spread,A block B,2036
85,B,38,6048,2.6549503803253174,0.0,530.9900512695312,no spread,A block B,2036
86,B,29,6048,0.0,0.0,0.0,no spread,A block B,2036
87,B,57,6048,7.0385589599609375,0.0,1407.7117919921875,no spread,A block B,2036
88,B,33,6048,1.1784340143203735,0.0,235.68679809570312,no spread,A block B,2036
89,B,43,6048,2.6426329612731934,0.0,528.526611328125,no spread,A block B,2036
90,B,49,6048,4.986785888671875,0.0,997.357177734375,no spread,A block B,2036
91,B,50,6048,4.977610111236572,0.0,995.5220336914062,no spread,A block B,2036
92,B,33,6048,1.1764726638793945,0.0,235.29452514648438,no spread,A block B,2036
93,B,29,6048,0.0,0.0,0.0,no spread,A block B,2036
94,B,29,6048,0.0,0.0,0.0,no spread,A block B,2036
95,B,41,6048,2.341397285461426,0.0,468.2794494628906,no spread,A block B,2036
96,B,33,6048,1.1771342754364014,0.0,235.42684936523438,no spread,A block B,2036
97,B,37,6048,2.3455986976623535,0.0,469.1197509765625,no spread,A block B,2036
98,B,39,6048,1.1717090606689453,0.0,234.34181213378906,no spread,A block B,2036
99,B,35,6048,1.472682237625122,0.0,294.53643798828125,no spread,A block B,2036
100,B,64,6048,9.39621353149414,0.0,1879.2425537109375,no spread,A block B,2036
1,B,657,5512,20.76821517944336,0.0,4153.64306640625,no spread,B block A,2036
2,B,607,5512,21.37890625,0.0,4275.78076171875,no spread,B block A,2036
3,B,557,5512,21.317283630371094,0.0,4263.45654296875,no spread,B block A,2036
4,B,477,5542,20.922195434570312,0.0,4184.43896484375,no spread,B block A,2036
5,B,427,5542,20.350563049316406,0.0,4070.112548828125,no spread,B block A,2036
6,B,244,5675,19.712018966674805,0.0,3942.4033203125,no spread,B block A,2036
7,B,194,5675,17.205310821533203,0.0,3441.062255859375,no spread,B block A,2036
8,B,150,5675,12.111597061157227,0.0,2422.3193359375,no spread,B block A,2036
9,B,119,5675,9.187355041503906,0.0,1837.470947265625,no spread,B block A,2036
10,B,95,5675,7.208068370819092,0.0,1441.6136474609375,no spread,B block A,2036
11,B,81,5675,5.700131416320801,0.0,1140.0262451171875,no spread,B block A,2036
12,B,69,5675,5.465763092041016,0.0,1093.1527099609375,no spread,B block A,2036
13,B,55,5675,5.021246433258057,0.0,1004.249267578125,no spread,B block A,2036
14,B,72,5675,7.213904857635498,0.0,1442.7808837890625,no spread,B block A,2036
15,B,50,5675,5.773548603057861,0.0,1154.709716796875,no spread,B block A,2036
16,B,50,5675,6.810593605041504,0.0,1362.11865234375,no spread,B block A,2036
17,B,35,5675,2.6414811611175537,0.0,528.2962646484375,no spread,B block A,2036
18,B,26,5675,0.0,0.0,0.0,no spread,B block A,2036
19,B,26,5675,0.0,0.0,0.0,no spread,B block A,2036
20,B,26,5675,0.0,0.0,0.0,no spread,B block A,2036
21,B,70,5675,7.608224868774414,0.0,1521.64501953125,no spread,B block A,2036
22,B,44,5675,4.413493633270264,0.0,882.69873046875,no spread,B block A,2036
23,B,29,5675,0.8875300884246826,0.0,177.50601196289062,no spread,B block A,2036
24,B,57,5675,6.44696044921875,0.0,1289.39208984375,no spread,B block A,2036
25,B,72,5675,10.270273208618164,0.0,2054.054443359375,no spread,B block A,2036
26,B,37,5675,2.946244716644287,0.0,589.2489624023438,no spread,B block A,2036
27,B,27,5675,0.29623526334762573,0.0,59.24705123901367,no spread,B block A,2036
28,B,26,5675,0.0,0.0,0.0,no spread,B block A,2036
29,B,26,5675,0.0,0.0,0.0,no spread,B block A,2036
30,B,26,5675,0.0,0.0,0.0,no spread,B block A,2036
31,B,26,5675,0.0,0.0,0.0,no spread,B block A,2036
32,B,87,5675,9.373432159423828,0.0,1874.6864013671875,no spread,B block A,2036
33,B,55,5675,5.296167850494385,0.0,1059.2335205078125,no spread,B block A,2036
34,B,37,5675,3.2542614936828613,0.0,650.8523559570312,no spread,B block A,2036
35,B,40,5675,3.8032593727111816,0.0,760.6517944335938,no spread,B block A,2036
36,B,27,5675,0.2941672205924988,0.0,58.83344268798828,no spread,B block A,2036
37,B,26,5675,0.0,0.0,0.0,no spread,B block A,2036
38,B,26,5675,0.0,0.0,0.0,no spread,B block A,2036
39,B,26,5675,0.0,0.0,0.0,no spread,B block A,2036
40,B,26,5675,0.0,0.0,0.0,no spread,B block A,2036
41,B,26,5675,0.0,0.0,0.0,no spread,B block A,2036
42,B,26,5675,0.0,0.0,0.0,no spread,B block A,2036
43,B,0,5701,0.0,0.0,0.0,no spread,B block A,2036
44,B,0,5701,0.0,0.0,0.0,no spread,B block A,2036
45,B,0,5701,0.0,0.0,0.0,no spread,B block A,2036
46,B,0,5701,0.0,0.0,0.0,no spread,B block A,2036
47,B,0,5701,0.0,0.0,0.0,no spread,B block A,2036
48,B,15,5701,3.820420980453491,0.0,764.0841674804688,no spread,B block A,2036
49,B,2,5701,0.5909772515296936,0.0,118.19544982910156,no spread,B block A,2036
50,B,0,5701,0.0,0.0,0.0,no spread,B block A,2036
51,A,11,5701,0.0,7.499904155731201,1499.9808349609375,no spread,B block A,2036
52,A,32,5701,0.0,7.499049663543701,1499.809814453125,no spread,B block A,2036
53,A,66,5701,0.0,7.499059200286865,1499.8118896484375,no spread,B block A,2036
54,A,66,5701,0.0,7.498242378234863,1499.6484375,no spread,B block A,2036
55,A,81,5701,0.0,7.496628284454346,1499.32568359375,no spread,B block A,2036
56,A,81,5701,0.0,7.496661186218262,1499.332275390625,no spread,B block A,2036
57,A,92,5701,0.0,7.496695518493652,1499.3389892578125,no spread,B block A,2036
58,A,101,5701,0.0,7.496728897094727,1499.3458251953125,no spread,B block A,2036
59,A,101,5701,0.0,7.495669364929199,1499.1339111328125,no spread,B block A,2036
60,A,101,5701,0.0,7.4954423904418945,1499.0885009765625,no spread,B block A,2036
61,A,111,5701,0.0,7.495487689971924,1499.09765625,no spread,B block A,2036
62,A,111,5701,0.0,7.495405197143555,1499.0809326171875,no spread,B block A,2036
63,A,111,5701,0.0,7.4941534996032715,1498.830810546875,no spread,B block A,2036
64,A,139,5701,0.0,7.494198799133301,1498.8397216796875,no spread,B block A,2036
65,A,139,5701,0.0,7.494256019592285,1498.8514404296875,no spread,B block A,2036
66,A,139,5701,0.0,7.494314193725586,1498.86279296875,no spread,B block A,2036
67,A,139,5701,0.0,7.49437141418457,1498.8741455078125,no spread,B block A,2036
68,A,148,5701,0.0,7.49442720413208,1498.8853759765625,no spread,B block A,2036
69,A,148,5701,0.0,7.49448299407959,1498.896728515625,no spread,B block A,2036
70,A,161,5701,0.0,7.494538307189941,1498.90771484375,no spread,B block A,2036
71,A,173,5701,0.0,7.494592666625977,1498.9185791015625,no spread,B block A,2036
72,A,173,5701,0.0,7.494646072387695,1498.9293212890625,no spread,B block A,2036
73,A,173,5701,0.0,7.494699954986572,1498.9400634765625,no spread,B block A,2036
74,A,173,5701,0.0,7.494752883911133,1498.950439453125,no spread,B block A,2036
75,A,173,5701,0.0,7.494804859161377,1498.9610595703125,no spread,B block A,2036
76,A,173,5701,0.0,7.4928789138793945,1498.5758056640625,no spread,B block A,2036
77,A,173,5701,0.0,7.488288879394531,1497.65771484375,no spread,B block A,2036
78,A,173,5701,0.0,7.487852573394775,1497.570556640625,no spread,B block A,2036
79,A,179,5701,0.0,7.487973213195801,1497.5946044921875,no spread,B block A,2036
80,A,179,5701,0.0,7.488094329833984,1497.6190185546875,no spread,B block A,2036
81,A,179,5701,0.0,7.488213062286377,1497.642578125,no spread,B block A,2036
82,A,179,5701,0.0,7.48827600479126,1497.6551513671875,no spread,B block A,2036
83,A,190,5701,0.0,7.485752105712891,1497.150390625,no spread,B block A,2036
84,A,197,5701,0.0,7.485895156860352,1497.1790771484375,no spread,B block A,2036
85,A,201,5701,0.0,7.486035346984863,1497.2071533203125,no spread,B block A,2036
86,A,201,5701,0.0,7.486110210418701,1497.2220458984375,no spread,B block A,2036
87,A,229,5701,0.0,7.486173629760742,1497.2347412109375,no spread,B block A,2036
88,A,229,5701,0.0,7.486310958862305,1497.26220703125,no spread,B block A,2036
89,A,243,5701,0.0,7.486448287963867,1497.289794921875,no spread,B block A,2036
90,A,258,5701,0.0,7.486584663391113,1497.3167724609375,no spread,B block A,2036
91,A,276,5701,0.0,7.48671817779541,1497.3436279296875,no spread,B block A,2036
92,A,276,5701,0.0,7.48586893081665,1497.1737060546875,no spread,B block A,2036
93,A,276,5701,0.0,7.485989093780518,1497.1978759765625,no spread,B block A,2036
94,A,276,5701,0.0,7.485959053039551,1497.1917724609375,no spread,B block A,2036
95,A,294,5701,0.0,7.484860420227051,1496.9720458984375,no spread,B block A,2036
96,A,310,5701,0.0,7.485012054443359,1497.00244140625,no spread,B block A,2036
97,A,336,5701,0.0,7.485161781311035,1497.0323486328125,no spread,B block A,2036
98,A,369,5701,0.0,7.485309600830078,1497.0618896484375,no spread,B block A,2036
99,A,400,5701,0.0,7.4854559898376465,1497.0911865234375,no spread,B block A,2036
100,A,462,5701,0.0,7.48560094833374,1497.1202392578125,no spread,B block A,2036
