sample_id,steps,setting,strategy,budget_ceiling,final_cost,total_removed_index,first_half_removed_index,relative_change,cumulative_mean_weed,budget_exhaustion_step,matched_expenditure_verified
2036,100,original ceiling,A only,250000.0,149107.484375,745.537421875,374.279296875,0.04195775813138136,87.94911193847656,,True
2036,100,original ceiling,B only,250000.0,199967.171875,999.835859375,492.7348046875,0.01420635550034648,86.39666748046875,,True
2036,100,original ceiling,AB,250000.0,228212.65625,1141.06328125,567.92453125,-0.0020637143048106584,85.80392456054688,,True
2036,100,original ceiling,BA,250000.0,229166.359375,1145.831796875,567.86046875,-0.003485859754558183,85.67237091064453,,True
2036,100,original ceiling,A block B,250000.0,138087.875,690.439375,374.279296875,0.04705131477287957,87.68555450439453,,True
2036,100,original ceiling,B block A,250000.0,173466.421875,867.332109375,492.7348046875,0.02992572747903196,86.75254821777344,,True
2036,100,matched expenditure,A only,124279.08750000001,124279.0859375,621.3954296875,374.279296875,0.06045610745776177,88.08901977539062,84.0,True
2036,100,matched expenditure,B only,124279.08750000001,124279.0859375,621.3954296875,492.7348046875,0.0634017971269656,87.2509994506836,64.0,True
2036,100,matched expenditure,AB,124279.08750000001,124279.0859375,621.3954296875,567.92453125,0.06460348336634218,87.18267059326172,56.0,True
2036,100,matched expenditure,BA,124279.08750000001,124279.0859375,621.3954296875,567.86046875,0.06347043522859223,87.07962799072266,55.0,True
2036,100,matched expenditure,A block B,124279.08750000001,124279.0859375,621.3954296875,374.279296875,0.05664534221911623,87.7916030883789,80.0,True
2036,100,matched expenditure,B block A,124279.08750000001,124279.0859375,621.3954296875,492.7348046875,0.06420426034134123,87.27056884765625,68.0,True
