sample_id,scenario_type,scenario,steps,growth_rate,diffusion_rate,strategy,budget,initial_mean,final_mean,relative_change,winning,final_cost,cumulative_weed,high_density_cells,budget_exhaustion_step,seed,switches
2036,random,seed_0,100,0.01,0.01,random,250000.0,0.8605745434761047,0.8552976250648499,-0.006131855109192415,True,235021.046875,85.60399627685547,5864,,0,62
2036,random,seed_1,100,0.01,0.01,random,250000.0,0.8605745434761047,0.8590964078903198,-0.0017176148155792562,True,227446.15625,86.03498840332031,5910,,1,47
2036,random,seed_2,100,0.01,0.01,random,250000.0,0.8605745434761047,0.8554893732070923,-0.005909041009361032,True,237376.15625,85.62246704101562,5852,,2,44
2036,random,seed_3,100,0.01,0.01,random,250000.0,0.8605745434761047,0.8657630681991577,0.006029140371843972,False,216431.796875,86.07649993896484,5916,,3,49
2036,random,seed_4,100,0.01,0.01,random,250000.0,0.8605745434761047,0.861262857913971,0.0007998312790963042,False,219061.375,85.70751190185547,5892,,4,54
2036,random,seed_5,100,0.01,0.01,random,250000.0,0.8605745434761047,0.8613684773445129,0.0009225625768585705,False,223429.65625,85.91227722167969,5900,,5,46
2036,random,seed_6,100,0.01,0.01,random,250000.0,0.8605745434761047,0.8608397245407104,0.00030814421204532883,False,225353.671875,85.87913513183594,5917,,6,54
2036,random,seed_7,100,0.01,0.01,random,250000.0,0.8605745434761047,0.861232340335846,0.000764369414280119,False,218245.109375,85.83460998535156,5887,,7,45
2036,random,seed_8,100,0.01,0.01,random,250000.0,0.8605745434761047,0.8628721237182617,0.0026698212950576066,False,225415.984375,86.022216796875,5906,,8,52
2036,random,seed_9,100,0.01,0.01,random,250000.0,0.8605745434761047,0.8605837225914001,1.0666264026743234e-05,False,220366.609375,85.85696411132812,5878,,9,43
2036,random,seed_10,100,0.01,0.01,random,250000.0,0.8605745434761047,0.8569095730781555,-0.004258748327768753,True,232149.234375,85.72116088867188,5861,,10,51
2036,random,seed_11,100,0.01,0.01,random,250000.0,0.8605745434761047,0.8535438179969788,-0.008169804152847564,True,241160.796875,85.44002532958984,5835,,11,45
2036,random,seed_12,100,0.01,0.01,random,250000.0,0.8605745434761047,0.8615368604660034,0.0011182261864400617,False,223203.765625,85.81941223144531,5869,,12,51
2036,random,seed_13,100,0.01,0.01,random,250000.0,0.8605745434761047,0.8657183051109314,0.005977125019349919,False,216526.6875,86.37863159179688,5959,,13,45
2036,random,seed_14,100,0.01,0.01,random,250000.0,0.8605745434761047,0.8590763807296753,-0.0017408866643648776,True,234461.765625,85.455810546875,5825,,14,55
2036,random,seed_15,100,0.01,0.01,random,250000.0,0.8605745434761047,0.8588426113128662,-0.0020125300897732346,True,231605.6875,85.53675079345703,5821,,15,47
2036,random,seed_16,100,0.01,0.01,random,250000.0,0.8605745434761047,0.8611539006233215,0.0006732213398697676,False,218704.78125,85.98848724365234,5909,,16,58
2036,random,seed_17,100,0.01,0.01,random,250000.0,0.8605745434761047,0.8561674952507019,-0.005121053439021696,True,229101.296875,85.7929458618164,5887,,17,51
2036,random,seed_18,100,0.01,0.01,random,250000.0,0.8605745434761047,0.8617590069770813,0.0013763636281781918,False,215728.6875,86.06968688964844,5901,,18,50
2036,random,seed_19,100,0.01,0.01,random,250000.0,0.8605745434761047,0.855958104133606,-0.005364368929449936,True,227685.34375,85.72257995605469,5871,,19,50
2036,random,seed_20,100,0.01,0.01,random,250000.0,0.8605745434761047,0.8593412041664124,-0.0014331580210478635,True,227649.046875,85.67041778564453,5852,,20,55
2036,random,seed_21,100,0.01,0.01,random,250000.0,0.8605745434761047,0.8556905388832092,-0.00567528359968403,True,234242.703125,85.56653594970703,5846,,21,57
2036,random,seed_22,100,0.01,0.01,random,250000.0,0.8605745434761047,0.8584753274917603,-0.002439319173752402,True,223926.234375,85.81709289550781,5896,,22,51
2036,random,seed_23,100,0.01,0.01,random,250000.0,0.8605745434761047,0.8581303358078003,-0.002840204473666622,True,231645.3125,85.79570770263672,5876,,23,50
2036,random,seed_24,100,0.01,0.01,random,250000.0,0.8605745434761047,0.8568980693817139,-0.004272115788529541,True,235424.203125,85.52449035644531,5838,,24,57
2036,random,seed_25,100,0.01,0.01,random,250000.0,0.8605745434761047,0.8661041855812073,0.006425523677201449,False,211888.859375,86.39517974853516,5964,,25,49
2036,random,seed_26,100,0.01,0.01,random,250000.0,0.8605745434761047,0.8614442348480225,0.0010105938858065617,False,217488.703125,85.67200469970703,5888,,26,40
2036,random,seed_27,100,0.01,0.01,random,250000.0,0.8605745434761047,0.8610838651657104,0.0005918391305748112,False,223891.9375,85.8707046508789,5891,,27,52
2036,random,seed_28,100,0.01,0.01,random,250000.0,0.8605745434761047,0.8611913323402405,0.0007167175334333699,False,219900.921875,85.72425079345703,5886,,28,45
2036,random,seed_29,100,0.01,0.01,random,250000.0,0.8605745434761047,0.8580664992332458,-0.0029143834916707904,True,232866.046875,85.68399810791016,5867,,29,48
2036,random,seed_30,100,0.01,0.01,random,250000.0,0.8605745434761047,0.8610585331916809,0.0005624030123191887,False,227138.640625,85.84394836425781,5876,,30,49
2036,random,seed_31,100,0.01,0.01,random,250000.0,0.8605745434761047,0.866373598575592,0.006738585452531835,False,217915.21875,86.25233459472656,5920,,31,46
2036,random,seed_32,100,0.01,0.01,random,250000.0,0.8605745434761047,0.8616828918457031,0.0012879167505018857,False,222317.84375,85.88992309570312,5904,,32,54
2036,random,seed_33,100,0.01,0.01,random,250000.0,0.8605745434761047,0.861710786819458,0.0013203311113104302,False,219159.484375,85.91621398925781,5902,,33,49
2036,random,seed_34,100,0.01,0.01,random,250000.0,0.8605745434761047,0.8588218688964844,-0.0020366330760154855,True,224403.40625,85.8349838256836,5909,,34,45
2036,random,seed_35,100,0.01,0.01,random,250000.0,0.8605745434761047,0.8590888977050781,-0.001726341758873864,True,233431.25,85.69998168945312,5873,,35,54
2036,random,seed_36,100,0.01,0.01,random,250000.0,0.8605745434761047,0.8617624640464783,0.0013803807925519003,False,220696.828125,85.95977783203125,5907,,36,53
2036,random,seed_37,100,0.01,0.01,random,250000.0,0.8605745434761047,0.8663434982299805,0.006703608417898683,False,213383.125,86.18408966064453,5940,,37,48
2036,random,seed_38,100,0.01,0.01,random,250000.0,0.8605745434761047,0.8613125085830688,0.0008575260708773245,False,217754.765625,86.07125854492188,5921,,38,54
2036,random,seed_39,100,0.01,0.01,random,250000.0,0.8605745434761047,0.8548165559768677,-0.006690864310230367,True,236267.671875,85.52166748046875,5837,,39,52
2036,random,seed_40,100,0.01,0.01,random,250000.0,0.8605745434761047,0.8596756458282471,-0.0010445319986189265,True,229868.078125,85.8472671508789,5895,,40,53
2036,random,seed_41,100,0.01,0.01,random,250000.0,0.8605745434761047,0.8644541501998901,0.004508158826212275,False,217833.109375,86.19322967529297,5915,,41,42
2036,random,seed_42,100,0.01,0.01,random,250000.0,0.8605745434761047,0.860417902469635,-0.00018201910300182607,True,231472.328125,85.70863342285156,5846,,42,61
2036,random,seed_43,100,0.01,0.01,random,250000.0,0.8605745434761047,0.8552278876304626,-0.0062128910112137755,True,237727.8125,85.61279296875,5858,,43,57
2036,random,seed_44,100,0.01,0.01,random,250000.0,0.8605745434761047,0.8619781732559204,0.0016310379971803662,False,227721.3125,85.58473205566406,5836,,44,45
2036,random,seed_45,100,0.01,0.01,random,250000.0,0.8605745434761047,0.8607040047645569,0.00015043587964991105,False,229273.734375,85.81646728515625,5895,,45,58
2036,random,seed_46,100,0.01,0.01,random,250000.0,0.8605745434761047,0.8595995306968689,-0.0011329788762952325,True,230100.484375,85.8331298828125,5887,,46,45
2036,random,seed_47,100,0.01,0.01,random,250000.0,0.8605745434761047,0.861838161945343,0.0014683428400451724,False,218304.546875,85.96830749511719,5913,,47,46
2036,random,seed_48,100,0.01,0.01,random,250000.0,0.8605745434761047,0.8642555475234985,0.004277379659088193,False,217617.25,85.90003204345703,5887,,48,50
2036,random,seed_49,100,0.01,0.01,random,250000.0,0.8605745434761047,0.8629188537597656,0.00272412227555739,False,221015.484375,85.75896453857422,5845,,49,52
2036,random,seed_50,100,0.01,0.01,random,250000.0,0.8605745434761047,0.8607499599456787,0.00020383646123834634,False,229711.25,85.55306243896484,5846,,50,55
2036,random,seed_51,100,0.01,0.01,random,250000.0,0.8605745434761047,0.8595649003982544,-0.0011732197814870364,True,232922.484375,85.64026641845703,5844,,51,55
2036,random,seed_52,100,0.01,0.01,random,250000.0,0.8605745434761047,0.8613148331642151,0.0008602272676113698,False,219161.40625,85.99884033203125,5914,,52,51
2036,random,seed_53,100,0.01,0.01,random,250000.0,0.8605745434761047,0.8583027720451355,-0.002639831085164231,True,225970.578125,85.5990982055664,5869,,53,42
2036,random,seed_54,100,0.01,0.01,random,250000.0,0.8605745434761047,0.8542687892913818,-0.0073273770790990055,True,233781.0,85.44789123535156,5834,,54,52
2036,random,seed_55,100,0.01,0.01,random,250000.0,0.8605745434761047,0.8582474589347839,-0.002704105715143567,True,229072.28125,85.64598083496094,5869,,55,53
2036,random,seed_56,100,0.01,0.01,random,250000.0,0.8605745434761047,0.863525927066803,0.003429550191871545,False,214820.640625,86.31400299072266,5954,,56,51
2036,random,seed_57,100,0.01,0.01,random,250000.0,0.8605745434761047,0.8611711263656616,0.000693237900283591,False,221689.671875,85.814697265625,5894,,57,51
2036,random,seed_58,100,0.01,0.01,random,250000.0,0.8605745434761047,0.8589972853660583,-0.0018327966147771392,True,232304.90625,85.9583511352539,5905,,58,47
2036,random,seed_59,100,0.01,0.01,random,250000.0,0.8605745434761047,0.8659278154373169,0.006220579032687597,False,214721.78125,86.11703491210938,5931,,59,51
2036,random,seed_60,100,0.01,0.01,random,250000.0,0.8605745434761047,0.862610399723053,0.002365694247385986,False,224097.4375,85.77366638183594,5850,,60,47
2036,random,seed_61,100,0.01,0.01,random,250000.0,0.8605745434761047,0.8606006503105164,3.0336517166971014e-05,False,222528.734375,85.91602325439453,5906,,61,53
2036,random,seed_62,100,0.01,0.01,random,250000.0,0.8605745434761047,0.8654270172119141,0.005638644290137619,False,215871.03125,86.04641723632812,5927,,62,53
2036,random,seed_63,100,0.01,0.01,random,250000.0,0.8605745434761047,0.8604345917701721,-0.00016262589568047476,True,226274.78125,85.930419921875,5907,,63,52
2036,random,seed_64,100,0.01,0.01,random,250000.0,0.8605745434761047,0.8631548881530762,0.0029983976362450734,False,227360.734375,85.81947326660156,5870,,64,56
2036,random,seed_65,100,0.01,0.01,random,250000.0,0.8605745434761047,0.8510738015174866,-0.01103999883640756,True,242423.953125,85.34217071533203,5836,,65,51
2036,random,seed_66,100,0.01,0.01,random,250000.0,0.8605745434761047,0.8667527437210083,0.0071791575660001055,False,213695.328125,86.25424194335938,5947,,66,53
2036,random,seed_67,100,0.01,0.01,random,250000.0,0.8605745434761047,0.8622281551361084,0.0019215205382723216,False,225614.09375,85.91832733154297,5878,,67,49
2036,random,seed_68,100,0.01,0.01,random,250000.0,0.8605745434761047,0.859707772731781,-0.0010072000745253253,True,227977.6875,85.7310562133789,5854,,68,55
2036,random,seed_69,100,0.01,0.01,random,250000.0,0.8605745434761047,0.8623726963996887,0.002089479565966168,False,217407.453125,86.12496948242188,5931,,69,53
2036,random,seed_70,100,0.01,0.01,random,250000.0,0.8605745434761047,0.8618957996368408,0.0015353186667585535,False,219843.8125,85.91935729980469,5896,,70,50
2036,random,seed_71,100,0.01,0.01,random,250000.0,0.8605745434761047,0.8589707612991333,-0.001863617962127144,True,225334.21875,85.68949127197266,5874,,71,54
2036,random,seed_72,100,0.01,0.01,random,250000.0,0.8605745434761047,0.8546267747879028,-0.0069113927820560195,True,235210.90625,85.4902572631836,5836,,72,46
2036,random,seed_73,100,0.01,0.01,random,250000.0,0.8605745434761047,0.860801100730896,0.00026326278938734434,False,224244.578125,85.97908020019531,5932,,73,54
2036,random,seed_74,100,0.01,0.01,random,250000.0,0.8605745434761047,0.8613536953926086,0.0009053857360882308,False,224562.203125,85.61421203613281,5851,,74,47
2036,random,seed_75,100,0.01,0.01,random,250000.0,0.8605745434761047,0.8537658452987671,-0.007911805234018871,True,239941.640625,85.29492950439453,5823,,75,45
2036,random,seed_76,100,0.01,0.01,random,250000.0,0.8605745434761047,0.8634985685348511,0.0033977591841554728,False,218812.421875,86.28971862792969,5976,,76,49
2036,random,seed_77,100,0.01,0.01,random,250000.0,0.8605745434761047,0.8620462417602539,0.001710134578469592,False,217306.546875,85.91705322265625,5905,,77,51
2036,random,seed_78,100,0.01,0.01,random,250000.0,0.8605745434761047,0.85503751039505,-0.006434112097586619,True,235855.375,85.60700225830078,5844,,78,61
2036,random,seed_79,100,0.01,0.01,random,250000.0,0.8605745434761047,0.8594908118247986,-0.0012593117697028925,True,232427.890625,85.77304077148438,5894,,79,54
2036,random,seed_80,100,0.01,0.01,random,250000.0,0.8605745434761047,0.862280547618866,0.001982401356970421,False,226927.578125,85.91522979736328,5878,,80,50
2036,random,seed_81,100,0.01,0.01,random,250000.0,0.8605745434761047,0.8552249073982239,-0.006216354083949731,True,238527.515625,85.46112823486328,5820,,81,52
2036,random,seed_82,100,0.01,0.01,random,250000.0,0.8605745434761047,0.8601534366607666,-0.0004893321775905256,True,223806.5,85.6967544555664,5882,,82,51
2036,random,seed_83,100,0.01,0.01,random,250000.0,0.8605745434761047,0.8535497188568115,-0.008162947268830371,True,238107.734375,85.50194549560547,5887,,83,54
2036,random,seed_84,100,0.01,0.01,random,250000.0,0.8605745434761047,0.8570907711982727,-0.004048193505422653,True,232604.78125,85.4936294555664,5872,,84,47
2036,random,seed_85,100,0.01,0.01,random,250000.0,0.8605745434761047,0.8602263331413269,-0.0004046254184690517,True,222997.0625,85.91151428222656,5907,,85,52
2036,random,seed_86,100,0.01,0.01,random,250000.0,0.8605745434761047,0.8646494746208191,0.004735128613326804,False,218591.0625,85.82901000976562,5861,,86,53
2036,random,seed_87,100,0.01,0.01,random,250000.0,0.8605745434761047,0.8564316630363464,-0.004814086671706592,True,237008.328125,85.58080291748047,5846,,87,48
2036,random,seed_88,100,0.01,0.01,random,250000.0,0.8605745434761047,0.8582522869110107,-0.0026984955373113187,True,231041.8125,85.65345764160156,5860,,88,51
2036,random,seed_89,100,0.01,0.01,random,250000.0,0.8605745434761047,0.8621678948402405,0.0018514972075512994,False,218997.265625,85.97200775146484,5906,,89,44
2036,random,seed_90,100,0.01,0.01,random,250000.0,0.8605745434761047,0.8605901002883911,1.8077239681688206e-05,False,231803.34375,85.75865936279297,5865,,90,46
2036,random,seed_91,100,0.01,0.01,random,250000.0,0.8605745434761047,0.8598777055740356,-0.0008097356671211372,True,220729.3125,85.92402648925781,5895,,91,42
2036,random,seed_92,100,0.01,0.01,random,250000.0,0.8605745434761047,0.8617071509361267,0.0013161061625725644,False,218669.75,85.86024475097656,5895,,92,54
2036,random,seed_93,100,0.01,0.01,random,250000.0,0.8605745434761047,0.8554698824882507,-0.005931689505054181,True,237693.1875,85.50414276123047,5847,,93,57
2036,random,seed_94,100,0.01,0.01,random,250000.0,0.8605745434761047,0.8615923523902893,0.0011827086007835548,False,225299.375,85.8147964477539,5897,,94,51
2036,random,seed_95,100,0.01,0.01,random,250000.0,0.8605745434761047,0.860278308391571,-0.00034422942995398614,True,227380.109375,85.88874053955078,5874,,95,46
2036,random,seed_96,100,0.01,0.01,random,250000.0,0.8605745434761047,0.863285481929779,0.0031501494835346473,False,214139.15625,85.99501037597656,5913,,96,52
2036,random,seed_97,100,0.01,0.01,random,250000.0,0.8605745434761047,0.8653358817100525,0.005532743525872097,False,209800.6875,86.20327758789062,5945,,97,58
2036,random,seed_98,100,0.01,0.01,random,250000.0,0.8605745434761047,0.8615037202835083,0.0010797168176162354,False,216671.65625,85.93421173095703,5882,,98,44
2036,random,seed_99,100,0.01,0.01,random,250000.0,0.8605745434761047,0.8587137460708618,-0.0021622733548759543,True,230291.171875,85.64937591552734,5873,,99,47
2036,random,seed_100,100,0.01,0.01,random,250000.0,0.8605745434761047,0.8519479036331177,-0.010024279602951785,True,241657.84375,85.2836685180664,5813,,100,39
2036,random,seed_101,100,0.01,0.01,random,250000.0,0.8605745434761047,0.8592210412025452,-0.001572789113761593,True,231906.15625,85.80751037597656,5890,,101,47
2036,random,seed_102,100,0.01,0.01,random,250000.0,0.8605745434761047,0.8646103739738464,0.004689693099031067,False,215245.390625,86.1312255859375,5941,,102,47
2036,random,seed_103,100,0.01,0.01,random,250000.0,0.8605745434761047,0.8575664162635803,-0.0034954870967641395,True,234592.3125,85.51288604736328,5829,,103,54
2036,random,seed_104,100,0.01,0.01,random,250000.0,0.8605745434761047,0.8659417629241943,0.006236786213091869,False,218481.875,85.99185180664062,5869,,104,49
2036,random,seed_105,100,0.01,0.01,random,250000.0,0.8605745434761047,0.8555444478988647,-0.005845043425200572,True,234132.3125,85.43830871582031,5813,,105,57
2036,random,seed_106,100,0.01,0.01,random,250000.0,0.8605745434761047,0.8547746539115906,-0.006739555112897902,True,229920.234375,85.73128509521484,5887,,106,52
2036,random,seed_107,100,0.01,0.01,random,250000.0,0.8605745434761047,0.8577080368995667,-0.0033309218803515297,True,224424.109375,85.98139953613281,5918,,107,47
2036,random,seed_108,100,0.01,0.01,random,250000.0,0.8605745434761047,0.8560217618942261,-0.005290397695809924,True,227793.859375,85.5083999633789,5848,,108,51
2036,random,seed_109,100,0.01,0.01,random,250000.0,0.8605745434761047,0.8595740795135498,-0.0011625535174602933,True,220684.3125,86.02688598632812,5912,,109,52
2036,random,seed_110,100,0.01,0.01,random,250000.0,0.8605745434761047,0.8578798174858093,-0.003131310367851049,True,236376.046875,85.4654312133789,5826,,110,44
2036,random,seed_111,100,0.01,0.01,random,250000.0,0.8605745434761047,0.860191822052002,-0.0004447278007514175,True,222837.265625,85.74354553222656,5891,,111,50
2036,random,seed_112,100,0.01,0.01,random,250000.0,0.8605745434761047,0.8612872958183289,0.0008282284755311402,False,226916.40625,85.7818603515625,5864,,112,52
2036,random,seed_113,100,0.01,0.01,random,250000.0,0.8605745434761047,0.8613688349723816,0.0009229781455868852,False,223009.875,85.63339233398438,5845,,113,51
2036,random,seed_114,100,0.01,0.01,random,250000.0,0.8605745434761047,0.8593477010726929,-0.0014256085224834802,True,232964.109375,85.59766387939453,5870,,114,54
2036,random,seed_115,100,0.01,0.01,random,250000.0,0.8605745434761047,0.860489010810852,-9.939018752192558e-05,True,229220.09375,85.6888427734375,5861,,115,47
2036,random,seed_116,100,0.01,0.01,random,250000.0,0.8605745434761047,0.8591422438621521,-0.001664352756900259,True,230775.046875,85.59449005126953,5864,,116,45
2036,random,seed_117,100,0.01,0.01,random,250000.0,0.8605745434761047,0.856682538986206,-0.0045225652087938495,True,230751.3125,85.6640853881836,5852,,117,43
2036,random,seed_118,100,0.01,0.01,random,250000.0,0.8605745434761047,0.861685037612915,0.0012904101628717739,False,224851.65625,85.7844009399414,5878,,118,54
2036,random,seed_119,100,0.01,0.01,random,250000.0,0.8605745434761047,0.8643565773963928,0.004394777824837088,False,215315.140625,86.1261978149414,5946,,119,53
2036,random,seed_120,100,0.01,0.01,random,250000.0,0.8605745434761047,0.8621705770492554,0.0018546139730136594,False,226717.53125,85.85733032226562,5872,,120,54
2036,random,seed_121,100,0.01,0.01,random,250000.0,0.8605745434761047,0.8628191947937012,0.0026083171232670352,False,219313.265625,85.87065124511719,5879,,121,46
2036,random,seed_122,100,0.01,0.01,random,250000.0,0.8605745434761047,0.8601762056350708,-0.00046287430188782485,True,220960.28125,86.01095581054688,5894,,122,46
2036,random,seed_123,100,0.01,0.01,random,250000.0,0.8605745434761047,0.8591803908348083,-0.0016200254258800274,True,230663.484375,85.58409118652344,5832,,123,49
2036,random,seed_124,100,0.01,0.01,random,250000.0,0.8605745434761047,0.8594369292259216,-0.0013219241247689698,True,230159.359375,85.76669311523438,5876,,124,51
2036,random,seed_125,100,0.01,0.01,random,250000.0,0.8605745434761047,0.8612990379333496,0.0008418729821108051,False,219740.3125,85.87028503417969,5896,,125,53
2036,random,seed_126,100,0.01,0.01,random,250000.0,0.8605745434761047,0.861213207244873,0.0007421364873152841,False,225195.28125,86.01566314697266,5909,,126,55
2036,random,seed_127,100,0.01,0.01,random,250000.0,0.8605745434761047,0.8632978796958923,0.003164555866116223,False,225703.296875,85.88013458251953,5894,,127,39
2036,random,seed_128,100,0.01,0.01,random,250000.0,0.8605745434761047,0.8577356934547424,-0.003298784565361862,True,231392.21875,85.62891387939453,5852,,128,52
2036,random,seed_129,100,0.01,0.01,random,250000.0,0.8605745434761047,0.8615183234214783,0.0010966858740224178,False,225780.203125,85.74775695800781,5881,,129,48
2036,random,seed_130,100,0.01,0.01,random,250000.0,0.8605745434761047,0.8589141368865967,-0.0019294163441103004,True,235470.40625,85.47555541992188,5814,,130,52
2036,random,seed_131,100,0.01,0.01,random,250000.0,0.8605745434761047,0.8616837859153748,0.0012889556723226724,False,227219.15625,86.0948486328125,5929,,131,54
2036,random,seed_132,100,0.01,0.01,random,250000.0,0.8605745434761047,0.8591765761375427,-0.0016244581589820505,True,230070.125,85.8283920288086,5867,,132,48
2036,random,seed_133,100,0.01,0.01,random,250000.0,0.8605745434761047,0.8546923398971558,-0.006835205181864997,True,241590.8125,85.30178833007812,5832,,133,55
2036,random,seed_134,100,0.01,0.01,random,250000.0,0.8605745434761047,0.8576298356056213,-0.0034217929089430045,True,237028.28125,85.39588928222656,5829,,134,57
2036,random,seed_135,100,0.01,0.01,random,250000.0,0.8605745434761047,0.8740890622138977,0.015704065197192557,False,197042.875,86.47052764892578,5984,,135,45
2036,random,seed_136,100,0.01,0.01,random,250000.0,0.8605745434761047,0.8598861694335938,-0.0007999005405510233,True,224260.40625,85.7691879272461,5896,,136,53
2036,random,seed_137,100,0.01,0.01,random,250000.0,0.8605745434761047,0.8678675293922424,0.008474554553611655,False,213393.90625,86.18744659423828,5935,,137,54
2036,random,seed_138,100,0.01,0.01,random,250000.0,0.8605745434761047,0.8680254817008972,0.008658097408617303,False,210162.375,86.04890441894531,5942,,138,52
2036,random,seed_139,100,0.01,0.01,random,250000.0,0.8605745434761047,0.8579777479171753,-0.003017513797747548,True,224538.703125,85.77943420410156,5876,,139,57
2036,random,seed_140,100,0.01,0.01,random,250000.0,0.8605745434761047,0.8575091361999512,-0.003562047354749206,True,231391.71875,85.56578826904297,5845,,140,44
2036,random,seed_141,100,0.01,0.01,random,250000.0,0.8605745434761047,0.8604158163070679,-0.000184443253916995,True,227064.125,85.75895690917969,5861,,141,53
2036,random,seed_142,100,0.01,0.01,random,250000.0,0.8605745434761047,0.8654705286026001,0.005689205152082571,False,215703.65625,86.13602447509766,5943,,142,58
2036,random,seed_143,100,0.01,0.01,random,250000.0,0.8605745434761047,0.8603991866111755,-0.0002037671997836272,True,224634.46875,85.79891967773438,5884,,143,53
2036,random,seed_144,100,0.01,0.01,random,250000.0,0.8605745434761047,0.8602422475814819,-0.0003861326100590489,True,224000.109375,85.93755340576172,5887,,144,50
2036,random,seed_145,100,0.01,0.01,random,250000.0,0.8605745434761047,0.8567276000976562,-0.004470203549026201,True,229966.390625,85.7326431274414,5870,,145,44
2036,random,seed_146,100,0.01,0.01,random,250000.0,0.8605745434761047,0.8563821911811829,-0.004871573679123455,True,233032.9375,85.54229736328125,5843,,146,52
2036,random,seed_147,100,0.01,0.01,random,250000.0,0.8605745434761047,0.8662182688713074,0.00655809010153383,False,217888.84375,86.21630859375,5930,,147,45
2036,random,seed_148,100,0.01,0.01,random,250000.0,0.8605745434761047,0.8568850755691528,-0.004287214785658308,True,227143.359375,85.77326202392578,5886,,148,57
2036,random,seed_149,100,0.01,0.01,random,250000.0,0.8605745434761047,0.8601495623588562,-0.0004938341721472679,True,225353.984375,85.861328125,5891,,149,56
2036,random,seed_150,100,0.01,0.01,random,250000.0,0.8605745434761047,0.8621310591697693,0.0018086936285348883,False,218210.546875,85.77501678466797,5900,,150,39
2036,random,seed_151,100,0.01,0.01,random,250000.0,0.8605745434761047,0.8600494265556335,-0.0006101934160753758,True,232795.015625,85.88960266113281,5886,,151,49
2036,random,seed_152,100,0.01,0.01,random,250000.0,0.8605745434761047,0.8635356426239014,0.00344083980899076,False,214159.015625,86.1075668334961,5928,,152,45
2036,random,seed_153,100,0.01,0.01,random,250000.0,0.8605745434761047,0.8633041977882385,0.0031718975803164485,False,215937.109375,86.0199203491211,5921,,153,54
2036,random,seed_154,100,0.01,0.01,random,250000.0,0.8605745434761047,0.8587044477462769,-0.002173078141812136,True,227634.296875,85.76250457763672,5881,,154,61
2036,random,seed_155,100,0.01,0.01,random,250000.0,0.8605745434761047,0.8627797961235046,0.0025625353016977023,False,220104.5625,85.802001953125,5883,,155,46
2036,random,seed_156,100,0.01,0.01,random,250000.0,0.8605745434761047,0.86265629529953,0.0024190255675197022,False,229249.125,85.82892608642578,5878,,156,50
2036,random,seed_157,100,0.01,0.01,random,250000.0,0.8605745434761047,0.8551026582717896,-0.00635840932757863,True,232898.53125,85.49440002441406,5851,,157,47
2036,random,seed_158,100,0.01,0.01,random,250000.0,0.8605745434761047,0.8576265573501587,-0.0034256022889525557,True,233671.03125,85.3540267944336,5807,,158,47
2036,random,seed_159,100,0.01,0.01,random,250000.0,0.8605745434761047,0.859660804271698,-0.0010617781008439855,True,232554.765625,85.47525787353516,5834,,159,40
2036,random,seed_160,100,0.01,0.01,random,250000.0,0.8605745434761047,0.8593400120735168,-0.0014345432501422456,True,223226.4375,85.79862213134766,5885,,160,51
2036,random,seed_161,100,0.01,0.01,random,250000.0,0.8605745434761047,0.8549394011497498,-0.006548116452054277,True,233277.421875,85.53519439697266,5853,,161,57
2036,random,seed_162,100,0.01,0.01,random,250000.0,0.8605745434761047,0.8718004822731018,0.013044702381797536,False,206841.21875,86.50668334960938,5982,,162,38
2036,random,seed_163,100,0.01,0.01,random,250000.0,0.8605745434761047,0.8559325933456421,-0.005394012832069716,True,229761.796875,85.5044937133789,5836,,163,51
2036,random,seed_164,100,0.01,0.01,random,250000.0,0.8605745434761047,0.8591687083244324,-0.0016336006710049734,True,226510.6875,85.8244400024414,5881,,164,51
2036,random,seed_165,100,0.01,0.01,random,250000.0,0.8605745434761047,0.8594630360603333,-0.0012915876076019987,True,231927.09375,85.7549057006836,5867,,165,42
2036,random,seed_166,100,0.01,0.01,random,250000.0,0.8605745434761047,0.8601313829421997,-0.000514958915836597,True,228963.890625,85.709716796875,5854,,166,40
2036,random,seed_167,100,0.01,0.01,random,250000.0,0.8605745434761047,0.8551653623580933,-0.006285546277214124,True,231020.125,85.58000946044922,5846,,167,50
2036,random,seed_168,100,0.01,0.01,random,250000.0,0.8605745434761047,0.8578912019729614,-0.0031180814299996986,True,236587.03125,85.32923126220703,5794,,168,51
2036,random,seed_169,100,0.01,0.01,random,250000.0,0.8605745434761047,0.8594662547111511,-0.0012878474890471666,True,231125.671875,85.6763916015625,5861,,169,50
2036,random,seed_170,100,0.01,0.01,random,250000.0,0.8605745434761047,0.8555013537406921,-0.00589511945696249,True,230626.640625,85.54966735839844,5850,,170,48
2036,random,seed_171,100,0.01,0.01,random,250000.0,0.8605745434761047,0.8657894134521484,0.00605975393482982,False,215105.28125,86.18488311767578,5930,,171,42
2036,random,seed_172,100,0.01,0.01,random,250000.0,0.8605745434761047,0.8596817851066589,-0.001037398068782858,True,230547.640625,85.60157775878906,5838,,172,54
2036,random,seed_173,100,0.01,0.01,random,250000.0,0.8605745434761047,0.8604300618171692,-0.00016788976623912725,True,225090.828125,85.89584350585938,5899,,173,52
2036,random,seed_174,100,0.01,0.01,random,250000.0,0.8605745434761047,0.8611537218093872,0.0006730135555056103,False,226833.296875,85.95658874511719,5908,,174,55
2036,random,seed_175,100,0.01,0.01,random,250000.0,0.8605745434761047,0.8550279140472412,-0.006445263191796396,True,232260.0625,85.51722717285156,5847,,175,45
2036,random,seed_176,100,0.01,0.01,random,250000.0,0.8605745434761047,0.8590758442878723,-0.0017415100174573497,True,226119.328125,85.95974731445312,5903,,176,45
2036,random,seed_177,100,0.01,0.01,random,250000.0,0.8605745434761047,0.8651378750801086,0.005302656973295207,False,218117.875,85.75749206542969,5844,,177,51
2036,random,seed_178,100,0.01,0.01,random,250000.0,0.8605745434761047,0.8607699275016785,0.0002270390485692488,False,223363.171875,86.14805603027344,5920,,178,52
2036,random,seed_179,100,0.01,0.01,random,250000.0,0.8605745434761047,0.8606973886489868,0.00014274785817608963,False,218665.625,85.98827362060547,5908,,179,52
2036,random,seed_180,100,0.01,0.01,random,250000.0,0.8605745434761047,0.8612659573554993,0.0008034328747416981,False,216236.3125,86.07991027832031,5925,,180,61
2036,random,seed_181,100,0.01,0.01,random,250000.0,0.8605745434761047,0.8574241399765015,-0.0036608141891786594,True,232438.203125,85.60896301269531,5858,,181,59
2036,random,seed_182,100,0.01,0.01,random,250000.0,0.8605745434761047,0.8567932844161987,-0.00439387742592574,True,233230.75,85.5033950805664,5846,,182,53
2036,random,seed_183,100,0.01,0.01,random,250000.0,0.8605745434761047,0.8704419136047363,0.011466026044384818,False,204793.296875,86.2820053100586,5982,,183,47
2036,random,seed_184,100,0.01,0.01,random,250000.0,0.8605745434761047,0.8602035045623779,-0.0004311525556264716,True,227378.453125,85.85269165039062,5883,,184,59
2036,random,seed_185,100,0.01,0.01,random,250000.0,0.8605745434761047,0.8648380041122437,0.004954202594603355,False,215779.078125,85.87572479248047,5880,,185,49
2036,random,seed_186,100,0.01,0.01,random,250000.0,0.8605745434761047,0.8735619783401489,0.01509158615311145,False,200182.765625,86.66341400146484,5992,,186,50
2036,random,seed_187,100,0.01,0.01,random,250000.0,0.8605745434761047,0.8520680069923401,-0.009884717771692773,True,241165.4375,85.41676330566406,5837,,187,58
2036,random,seed_188,100,0.01,0.01,random,250000.0,0.8605745434761047,0.8616094589233398,0.00120258663828794,False,229463.921875,85.62220764160156,5855,,188,48
2036,random,seed_189,100,0.01,0.01,random,250000.0,0.8605745434761047,0.8612279891967773,0.0007593133280856237,False,218845.0625,85.97470092773438,5903,,189,49
2036,random,seed_190,100,0.01,0.01,random,250000.0,0.8605745434761047,0.861733078956604,0.001346234895375378,False,225679.40625,85.53666687011719,5803,,190,43
2036,random,seed_191,100,0.01,0.01,random,250000.0,0.8605745434761047,0.8550027012825012,-0.006474560787142581,True,231371.921875,85.71110534667969,5903,,191,50
2036,random,seed_192,100,0.01,0.01,random,250000.0,0.8605745434761047,0.8540828824043274,-0.007543403556367916,True,237513.234375,85.3172607421875,5816,,192,47
2036,random,seed_193,100,0.01,0.01,random,250000.0,0.8605745434761047,0.8618574738502502,0.0014907835513741645,False,225350.140625,86.07391357421875,5938,,193,47
2036,random,seed_194,100,0.01,0.01,random,250000.0,0.8605745434761047,0.8551558256149292,-0.0062966281099691825,True,237412.65625,85.36178588867188,5810,,194,41
2036,random,seed_195,100,0.01,0.01,random,250000.0,0.8605745434761047,0.864858090877533,0.004977543704843696,False,212893.984375,86.13865661621094,5928,,195,52
2036,random,seed_196,100,0.01,0.01,random,250000.0,0.8605745434761047,0.8622366786003113,0.0019314249262971546,False,225218.203125,85.78912353515625,5892,,196,46
2036,random,seed_197,100,0.01,0.01,random,250000.0,0.8605745434761047,0.8602201342582703,-0.00041182860975983934,True,220634.546875,85.9286117553711,5900,,197,49
2036,random,seed_198,100,0.01,0.01,random,250000.0,0.8605745434761047,0.8612540364265442,0.0007895805837978757,False,227118.078125,86.05620574951172,5909,,198,43
2036,random,seed_199,100,0.01,0.01,random,250000.0,0.8605745434761047,0.8621518015861511,0.0018327966147771392,False,225070.640625,85.73245239257812,5843,,199,51
1370,random,seed_0,100,0.015,0.0025,random,350000.0,0.8605745434761047,0.8584808111190796,-0.0024329471199182437,True,166101.75,85.26077270507812,5762,,0,62
1370,random,seed_1,100,0.015,0.0025,random,350000.0,0.8605745434761047,0.8629265427589417,0.0027330570032161557,False,158196.40625,85.72195434570312,5815,,1,47
1370,random,seed_2,100,0.015,0.0025,random,350000.0,0.8605745434761047,0.8570737242698669,-0.004068002281472319,True,167154.265625,85.26563262939453,5756,,2,44
1370,random,seed_3,100,0.015,0.0025,random,350000.0,0.8605745434761047,0.867077112197876,0.007556078402581513,False,149191.15625,85.99040985107422,5859,,3,49
1370,random,seed_4,100,0.015,0.0025,random,350000.0,0.8605745434761047,0.8657704591751099,0.006037728792229142,False,150189.578125,85.77379608154297,5847,,4,54
1370,random,seed_5,100,0.015,0.0025,random,350000.0,0.8605745434761047,0.8648647665977478,0.004985300987772236,False,153453.4375,85.78260803222656,5827,,5,46
1370,random,seed_6,100,0.015,0.0025,random,350000.0,0.8605745434761047,0.8570305109024048,-0.004118216836143674,True,165449.390625,85.32536315917969,5755,,6,54
1370,random,seed_7,100,0.015,0.0025,random,350000.0,0.8605745434761047,0.8640292882919312,0.004014463176974445,False,154231.421875,85.63233184814453,5812,,7,45
1370,random,seed_8,100,0.015,0.0025,random,350000.0,0.8605745434761047,0.8611676096916199,0.0006891514744551635,False,159905.484375,85.59746551513672,5796,,8,52
1370,random,seed_9,100,0.015,0.0025,random,350000.0,0.8605745434761047,0.8637071847915649,0.003640174275672364,False,151679.890625,85.80374908447266,5837,,9,43
1370,random,seed_10,100,0.015,0.0025,random,350000.0,0.8605745434761047,0.8574872612953186,-0.00358746630863112,True,165976.0,85.21968841552734,5746,,10,51
1370,random,seed_11,100,0.015,0.0025,random,350000.0,0.8605745434761047,0.8574175238609314,-0.003668502210652481,True,166607.1875,85.18050384521484,5749,,11,45
1370,random,seed_12,100,0.015,0.0025,random,350000.0,0.8605745434761047,0.8581040501594543,-0.00287074877519775,True,164265.5,85.26498413085938,5751,,12,51
1370,random,seed_13,100,0.015,0.0025,random,350000.0,0.8605745434761047,0.8643323183059692,0.00436658841276641,False,154096.78125,86.03034973144531,5845,,13,45
1370,random,seed_14,100,0.015,0.0025,random,350000.0,0.8605745434761047,0.8560527563095093,-0.005254381739355986,True,167477.8125,85.10598754882812,5729,,14,55
1370,random,seed_15,100,0.015,0.0025,random,350000.0,0.8605745434761047,0.861691415309906,0.0012978211385267187,False,159252.25,85.23677825927734,5747,,15,47
1370,random,seed_16,100,0.015,0.0025,random,350000.0,0.8605745434761047,0.8671642541885376,0.007657338649380854,False,146525.28125,86.01292419433594,5871,,16,58
1370,random,seed_17,100,0.015,0.0025,random,350000.0,0.8605745434761047,0.8597805500030518,-0.0009226318383132896,True,162407.953125,85.38802337646484,5776,,17,51
1370,random,seed_18,100,0.015,0.0025,random,350000.0,0.8605745434761047,0.8638307452201843,0.0037837532713050834,False,153291.59375,85.84891510009766,5834,,18,50
1370,random,seed_19,100,0.015,0.0025,random,350000.0,0.8605745434761047,0.8588258028030396,-0.0020320618200040243,True,163914.09375,85.3323974609375,5775,,19,50
1370,random,seed_20,100,0.015,0.0025,random,350000.0,0.8605745434761047,0.8583168983459473,-0.0026234161203958013,True,164143.0625,85.23285675048828,5752,,20,55
1370,random,seed_21,100,0.015,0.0025,random,350000.0,0.8605745434761047,0.8565810918807983,-0.004640448204725778,True,167764.3125,85.1508560180664,5741,,21,57
1370,random,seed_22,100,0.015,0.0025,random,350000.0,0.8605745434761047,0.8577300906181335,-0.0033052951421054582,True,165563.046875,85.27106475830078,5758,,22,51
1370,random,seed_23,100,0.015,0.0025,random,350000.0,0.8605745434761047,0.8598366379737854,-0.0008574568094226054,True,162465.0625,85.46836853027344,5785,,23,50
1370,random,seed_24,100,0.015,0.0025,random,350000.0,0.8605745434761047,0.8566235899925232,-0.004591064787511052,True,166669.75,85.2435531616211,5753,,24,57
1370,random,seed_25,100,0.015,0.0025,random,350000.0,0.8605745434761047,0.8720746636390686,0.01336330507350545,False,139005.3125,86.44707489013672,5921,,25,49
1370,random,seed_26,100,0.015,0.0025,random,350000.0,0.8605745434761047,0.8654289841651917,0.00564092991814335,False,150661.328125,85.72896575927734,5842,,26,40
1370,random,seed_27,100,0.015,0.0025,random,350000.0,0.8605745434761047,0.8565633296966553,-0.004661088118232073,True,166118.40625,85.3370361328125,5758,,27,52
1370,random,seed_28,100,0.015,0.0025,random,350000.0,0.8605745434761047,0.860175609588623,-0.000463566916435016,True,162120.5625,85.41931915283203,5773,,28,45
1370,random,seed_29,100,0.015,0.0025,random,350000.0,0.8605745434761047,0.8605911731719971,1.9323945866632222e-05,False,161207.75,85.40794372558594,5778,,29,48
1370,random,seed_30,100,0.015,0.0025,random,350000.0,0.8605745434761047,0.8594587445259094,-0.0012965744323417748,True,161060.6875,85.46730041503906,5779,,30,49
1370,random,seed_31,100,0.015,0.0025,random,350000.0,0.8605745434761047,0.8648279309272766,0.004942497408755826,False,153330.484375,85.90459442138672,5829,,31,46
1370,random,seed_32,100,0.015,0.0025,random,350000.0,0.8605745434761047,0.867814302444458,0.00841270407454749,False,146331.0625,85.96977233886719,5866,,32,54
1370,random,seed_33,100,0.015,0.0025,random,350000.0,0.8605745434761047,0.8656046390533447,0.005845043425200572,False,152515.453125,85.794921875,5836,,33,49
1370,random,seed_34,100,0.015,0.0025,random,350000.0,0.8605745434761047,0.8595215082168579,-0.0012236421205225499,True,162903.421875,85.39155578613281,5776,,34,45
1370,random,seed_35,100,0.015,0.0025,random,350000.0,0.8605745434761047,0.8592479228973389,-0.0015415521976832737,True,163233.1875,85.41108703613281,5774,,35,54
1370,random,seed_36,100,0.015,0.0025,random,350000.0,0.8605745434761047,0.8650046586990356,0.005147857621997992,False,152629.421875,85.85765838623047,5841,,36,53
1370,random,seed_37,100,0.015,0.0025,random,350000.0,0.8605745434761047,0.8697808384895325,0.010697847250095148,False,144082.59375,86.15872955322266,5884,,37,48
1370,random,seed_38,100,0.015,0.0025,random,350000.0,0.8605745434761047,0.8680719137191772,0.00871205208184349,False,145698.109375,85.98657989501953,5865,,38,54
1370,random,seed_39,100,0.015,0.0025,random,350000.0,0.8605745434761047,0.8576846718788147,-0.0033580723706014217,True,165573.21875,85.21427917480469,5751,,39,52
1370,random,seed_40,100,0.015,0.0025,random,350000.0,0.8605745434761047,0.864116907119751,0.00411627751541154,False,156644.515625,85.6723861694336,5815,,40,53
1370,random,seed_41,100,0.015,0.0025,random,350000.0,0.8605745434761047,0.8639231324195862,0.0038911085261197067,False,154432.359375,85.84147644042969,5822,,41,42
1370,random,seed_42,100,0.015,0.0025,random,350000.0,0.8605745434761047,0.8592765927314758,-0.0015082374379633808,True,161812.046875,85.48081970214844,5781,,42,61
1370,random,seed_43,100,0.015,0.0025,random,350000.0,0.8605745434761047,0.8583998680114746,-0.002527004175426798,True,164484.125,85.2977294921875,5765,,43,57
1370,random,seed_44,100,0.015,0.0025,random,350000.0,0.8605745434761047,0.8560698628425598,-0.005234503701851601,True,167255.796875,85.15548706054688,5733,,44,45
1370,random,seed_45,100,0.015,0.0025,random,350000.0,0.8605745434761047,0.8590563535690308,-0.0017641585131504994,True,162432.28125,85.46460723876953,5776,,45,58
1370,random,seed_46,100,0.015,0.0025,random,350000.0,0.8605745434761047,0.8614691495895386,0.0010395451738791505,False,161071.4375,85.56321716308594,5797,,46,45
1370,random,seed_47,100,0.015,0.0025,random,350000.0,0.8605745434761047,0.8654601573944092,0.005677153658961445,False,152683.84375,85.8331069946289,5841,,47,46
1370,random,seed_48,100,0.015,0.0025,random,350000.0,0.8605745434761047,0.8582735061645508,-0.002673838459431315,True,162867.921875,85.31686401367188,5753,,48,50
1370,random,seed_49,100,0.015,0.0025,random,350000.0,0.8605745434761047,0.8617929816246033,0.0014158426573680856,False,159007.9375,85.29491424560547,5752,,49,52
1370,random,seed_50,100,0.015,0.0025,random,350000.0,0.8605745434761047,0.85623699426651,-0.005040294582819211,True,166744.5625,85.03410339355469,5720,,50,55
1370,random,seed_51,100,0.015,0.0025,random,350000.0,0.8605745434761047,0.8603302836418152,-0.00028383344143892056,True,162236.296875,85.45587921142578,5776,,51,55
1370,random,seed_52,100,0.015,0.0025,random,350000.0,0.8605745434761047,0.8616188764572144,0.0012135299481335596,False,159785.953125,85.49739074707031,5784,,52,51
1370,random,seed_53,100,0.015,0.0025,random,350000.0,0.8605745434761047,0.8589281439781189,-0.001913139902251309,True,164825.171875,85.30396270751953,5766,,53,42
1370,random,seed_54,100,0.015,0.0025,random,350000.0,0.8605745434761047,0.8547124266624451,-0.006811864071624656,True,170587.109375,85.04631042480469,5731,,54,52
1370,random,seed_55,100,0.015,0.0025,random,350000.0,0.8605745434761047,0.8591528534889221,-0.001652024217960257,True,162970.15625,85.34537506103516,5771,,55,53
1370,random,seed_56,100,0.015,0.0025,random,350000.0,0.8605745434761047,0.8660292029380798,0.0063383927671648065,False,150005.546875,86.041748046875,5860,,56,51
1370,random,seed_57,100,0.015,0.0025,random,350000.0,0.8605745434761047,0.8586369752883911,-0.0022514821085541704,True,164132.03125,85.36235046386719,5763,,57,51
1370,random,seed_58,100,0.015,0.0025,random,350000.0,0.8605745434761047,0.8640908002853394,0.004085940998244568,False,156286.296875,85.7733154296875,5827,,58,47
1370,random,seed_59,100,0.015,0.0025,random,350000.0,0.8605745434761047,0.8696412444114685,0.010535636923142988,False,142934.8125,86.20285034179688,5893,,59,51
1370,random,seed_60,100,0.015,0.0025,random,350000.0,0.8605745434761047,0.861501932144165,0.0010776389739746621,False,159077.140625,85.30538940429688,5748,,60,47
1370,random,seed_61,100,0.015,0.0025,random,350000.0,0.8605745434761047,0.8625825047492981,0.002333279886577442,False,156285.78125,85.71695709228516,5821,,61,53
1370,random,seed_62,100,0.015,0.0025,random,350000.0,0.8605745434761047,0.8645870089530945,0.004662542608781175,False,155424.390625,85.80158996582031,5830,,62,53
1370,random,seed_63,100,0.015,0.0025,random,350000.0,0.8605745434761047,0.8619837164878845,0.0016374793124692437,False,158726.6875,85.61302947998047,5800,,63,52
1370,random,seed_64,100,0.015,0.0025,random,350000.0,0.8605745434761047,0.8612751364707947,0.0008140991387684413,False,159537.59375,85.5512924194336,5781,,64,56
1370,random,seed_65,100,0.015,0.0025,random,350000.0,0.8605745434761047,0.8560061454772949,-0.005308544196946332,True,169375.6875,84.98640441894531,5726,,65,51
1370,random,seed_66,100,0.015,0.0025,random,350000.0,0.8605745434761047,0.8650137186050415,0.005158385363115297,False,152116.609375,86.06644439697266,5858,,66,53
1370,random,seed_67,100,0.015,0.0025,random,350000.0,0.8605745434761047,0.8591619729995728,-0.001641427215388233,True,161752.921875,85.48991394042969,5777,,67,49
1370,random,seed_68,100,0.015,0.0025,random,350000.0,0.8605745434761047,0.8601443767547607,-0.0004998599187078306,True,161041.78125,85.36295318603516,5760,,68,55
1370,random,seed_69,100,0.015,0.0025,random,350000.0,0.8605745434761047,0.8694223165512085,0.01028123959995969,False,143914.265625,86.19479370117188,5894,,69,53
1370,random,seed_70,100,0.015,0.0025,random,350000.0,0.8605745434761047,0.8615677356719971,0.0011541036199845616,False,160359.015625,85.60652160644531,5803,,70,50
1370,random,seed_71,100,0.015,0.0025,random,350000.0,0.8605745434761047,0.8606268763542175,6.081155724338025e-05,False,161825.828125,85.38683319091797,5777,,71,54
1370,random,seed_72,100,0.015,0.0025,random,350000.0,0.8605745434761047,0.8578153848648071,-0.003206182000402409,True,165594.0625,85.25371551513672,5758,,72,46
1370,random,seed_73,100,0.015,0.0025,random,350000.0,0.8605745434761047,0.8569169640541077,-0.004250159907383583,True,167086.234375,85.2974624633789,5757,,73,54
1370,random,seed_74,100,0.015,0.0025,random,350000.0,0.8605745434761047,0.859804630279541,-0.0008946502106067684,True,161533.734375,85.29733276367188,5759,,74,47
1370,random,seed_75,100,0.015,0.0025,random,350000.0,0.8605745434761047,0.8555445075035095,-0.005844974163745853,True,169376.046875,84.89071655273438,5708,,75,45
1370,random,seed_76,100,0.015,0.0025,random,350000.0,0.8605745434761047,0.8659834265708923,0.006285199969940529,False,152263.828125,85.93875885009766,5844,,76,49
1370,random,seed_77,100,0.015,0.0025,random,350000.0,0.8605745434761047,0.8626794815063477,0.002445968273405437,False,156649.359375,85.69432067871094,5816,,77,51
1370,random,seed_78,100,0.015,0.0025,random,350000.0,0.8605745434761047,0.8573496341705322,-0.0037473910075775494,True,166462.015625,85.22933959960938,5754,,78,61
1370,random,seed_79,100,0.015,0.0025,random,350000.0,0.8605745434761047,0.858681857585907,-0.0021993282331506793,True,163926.03125,85.37928771972656,5768,,79,54
1370,random,seed_80,100,0.015,0.0025,random,350000.0,0.8605745434761047,0.8588854074478149,-0.0019628003652849123,True,162651.609375,85.49405670166016,5781,,80,50
1370,random,seed_81,100,0.015,0.0025,random,350000.0,0.8605745434761047,0.8550696969032288,-0.006396710912038299,True,169849.34375,85.11495971679688,5737,,81,52
1370,random,seed_82,100,0.015,0.0025,random,350000.0,0.8605745434761047,0.8600208759307861,-0.0006433696528858304,True,163242.71875,85.32557678222656,5769,,82,51
1370,random,seed_83,100,0.015,0.0025,random,350000.0,0.8605745434761047,0.8547137379646301,-0.006810340319620835,True,170827.203125,85.04962158203125,5729,,83,54
1370,random,seed_84,100,0.015,0.0025,random,350000.0,0.8605745434761047,0.8525344729423523,-0.009342677627061004,True,172884.328125,84.98265838623047,5712,,84,47
1370,random,seed_85,100,0.015,0.0025,random,350000.0,0.8605745434761047,0.865382194519043,0.005586559676188847,False,153231.9375,85.84021759033203,5845,,85,52
1370,random,seed_86,100,0.015,0.0025,random,350000.0,0.8605745434761047,0.8625136017799377,0.0022532136449221482,False,157369.703125,85.45599365234375,5770,,86,53
1370,random,seed_87,100,0.015,0.0025,random,350000.0,0.8605745434761047,0.8586453795433044,-0.002241716243438776,True,164553.421875,85.27580261230469,5758,,87,48
1370,random,seed_88,100,0.015,0.0025,random,350000.0,0.8605745434761047,0.8569798469543457,-0.0041770890726549196,True,167041.0625,85.2546157836914,5754,,88,51
1370,random,seed_89,100,0.015,0.0025,random,350000.0,0.8605745434761047,0.8626664280891418,0.0024308000148219513,False,156144.03125,85.67725372314453,5811,,89,44
1370,random,seed_90,100,0.015,0.0025,random,350000.0,0.8605745434761047,0.8601212501525879,-0.000526733363138846,True,161956.6875,85.49095153808594,5781,,90,46
1370,random,seed_91,100,0.015,0.0025,random,350000.0,0.8605745434761047,0.8614620566368103,0.0010313030607675762,False,158841.171875,85.49895477294922,5788,,91,42
1370,random,seed_92,100,0.015,0.0025,random,350000.0,0.8605745434761047,0.8674541711807251,0.007994226365134615,False,146576.46875,85.87077331542969,5851,,92,54
1370,random,seed_93,100,0.015,0.0025,random,350000.0,0.8605745434761047,0.8565892577171326,-0.00463095938542926,True,166973.703125,85.20901489257812,5751,,93,57
1370,random,seed_94,100,0.015,0.0025,random,350000.0,0.8605745434761047,0.8568557500839233,-0.004321291421380111,True,165796.046875,85.24842071533203,5750,,94,51
1370,random,seed_95,100,0.015,0.0025,random,350000.0,0.8605745434761047,0.8590356707572937,-0.0017881922379380311,True,163018.828125,85.4743881225586,5776,,95,46
1370,random,seed_96,100,0.015,0.0025,random,350000.0,0.8605745434761047,0.8668796420097351,0.007326615203097095,False,146946.90625,86.02104187011719,5867,,96,52
1370,random,seed_97,100,0.015,0.0025,random,350000.0,0.8605745434761047,0.8703628182411194,0.011374116093972557,False,142418.484375,86.22052764892578,5895,,97,58
1370,random,seed_98,100,0.015,0.0025,random,350000.0,0.8605745434761047,0.8625459671020508,0.002290822614834626,False,154316.1875,85.7394790649414,5826,,98,44
1370,random,seed_99,100,0.015,0.0025,random,350000.0,0.8605745434761047,0.8598508238792419,-0.0008409725831994567,True,163266.796875,85.29645538330078,5755,,99,47
1370,random,seed_100,100,0.015,0.0025,random,350000.0,0.8605745434761047,0.8546003699302673,-0.006942075606496586,True,171751.375,84.88691711425781,5704,,100,39
1370,random,seed_101,100,0.015,0.0025,random,350000.0,0.8605745434761047,0.863346517086029,0.003221073213167018,False,157829.546875,85.62703704833984,5808,,101,47
1370,random,seed_102,100,0.015,0.0025,random,350000.0,0.8605745434761047,0.8694621920585632,0.010327575513166775,False,144765.78125,86.1717758178711,5892,,102,47
1370,random,seed_103,100,0.015,0.0025,random,350000.0,0.8605745434761047,0.8553674817085266,-0.006050680684261615,True,168865.34375,85.20429229736328,5741,,103,54
1370,random,seed_104,100,0.015,0.0025,random,350000.0,0.8605745434761047,0.8631041049957275,0.00293938687682439,False,154974.546875,85.57335662841797,5781,,104,49
1370,random,seed_105,100,0.015,0.0025,random,350000.0,0.8605745434761047,0.8544438481330872,-0.007123956186588974,True,170430.859375,84.95728302001953,5718,,105,57
1370,random,seed_106,100,0.015,0.0025,random,350000.0,0.8605745434761047,0.8563478589057922,-0.0049114682770416635,True,167734.875,85.2325439453125,5748,,106,52
1370,random,seed_107,100,0.015,0.0025,random,350000.0,0.8605745434761047,0.8607860803604126,0.0002458089027981281,False,159824.84375,85.6122055053711,5803,,107,47
1370,random,seed_108,100,0.015,0.0025,random,350000.0,0.8605745434761047,0.857781171798706,-0.0032459380754111793,True,166360.296875,85.03227233886719,5727,,108,51
1370,random,seed_109,100,0.015,0.0025,random,350000.0,0.8605745434761047,0.8653227090835571,0.0055174367443791734,False,149675.03125,85.92820739746094,5856,,109,52
1370,random,seed_110,100,0.015,0.0025,random,350000.0,0.8605745434761047,0.8554710149765015,-0.005930373537414518,True,168701.53125,85.1301498413086,5735,,110,44
1370,random,seed_111,100,0.015,0.0025,random,350000.0,0.8605745434761047,0.85973060131073,-0.0009806729373679054,True,163426.28125,85.37918090820312,5776,,111,50
1370,random,seed_112,100,0.015,0.0025,random,350000.0,0.8605745434761047,0.858856737613678,-0.001996115125004805,True,162477.015625,85.3990249633789,5769,,112,52
1370,random,seed_113,100,0.015,0.0025,random,350000.0,0.8605745434761047,0.8597034811973572,-0.0010121868992651014,True,161816.5625,85.06549072265625,5725,,113,51
1370,random,seed_114,100,0.015,0.0025,random,350000.0,0.8605745434761047,0.8545267581939697,-0.007027613503074689,True,169461.25,85.18434143066406,5741,,114,54
1370,random,seed_115,100,0.015,0.0025,random,350000.0,0.8605745434761047,0.8553972840309143,-0.00601604995690206,True,168526.171875,85.20606994628906,5741,,115,47
1370,random,seed_116,100,0.015,0.0025,random,350000.0,0.8605745434761047,0.8556882739067078,-0.005677915534963355,True,168454.609375,85.12986755371094,5736,,116,45
1370,random,seed_117,100,0.015,0.0025,random,350000.0,0.8605745434761047,0.8562464118003845,-0.005029351272973591,True,167817.984375,85.0899429321289,5733,,117,43
1370,random,seed_118,100,0.015,0.0025,random,350000.0,0.8605745434761047,0.8554632067680359,-0.005939446787982722,True,166794.359375,85.34988403320312,5756,,118,54
1370,random,seed_119,100,0.015,0.0025,random,350000.0,0.8605745434761047,0.8712365031242371,0.012389350497245299,False,141863.25,86.2176513671875,5902,,119,53
1370,random,seed_120,100,0.015,0.0025,random,350000.0,0.8605745434761047,0.8600354790687561,-0.0006264005964796481,True,160302.890625,85.47731018066406,5780,,120,54
1370,random,seed_121,100,0.015,0.0025,random,350000.0,0.8605745434761047,0.8611812591552734,0.0007050123475858401,False,159652.546875,85.31901550292969,5753,,121,46
1370,random,seed_122,100,0.015,0.0025,random,350000.0,0.8605745434761047,0.8597689867019653,-0.0009360685605287974,True,160429.09375,85.56443786621094,5794,,122,46
1370,random,seed_123,100,0.015,0.0025,random,350000.0,0.8605745434761047,0.8574190735816956,-0.003666701412829784,True,165450.0625,85.24796295166016,5750,,123,49
1370,random,seed_124,100,0.015,0.0025,random,350000.0,0.8605745434761047,0.8601780533790588,-0.00046072719679153237,True,161808.640625,85.4853744506836,5786,,124,51
1370,random,seed_125,100,0.015,0.0025,random,350000.0,0.8605745434761047,0.8611889481544495,0.0007139470752446055,False,159907.484375,85.48895263671875,5789,,125,53
1370,random,seed_126,100,0.015,0.0025,random,350000.0,0.8605745434761047,0.8610749840736389,0.0005815191738216635,False,160464.0625,85.6303939819336,5798,,126,55
1370,random,seed_127,100,0.015,0.0025,random,350000.0,0.8605745434761047,0.8585229516029358,-0.0023839792714318315,True,164377.515625,85.46974182128906,5773,,127,39
1370,random,seed_128,100,0.015,0.0025,random,350000.0,0.8605745434761047,0.8546038866043091,-0.006937989180668159,True,169968.09375,85.11487579345703,5732,,128,52
1370,random,seed_129,100,0.015,0.0025,random,350000.0,0.8605745434761047,0.8552510738372803,-0.006185948305328042,True,168475.859375,85.16222381591797,5736,,129,48
1370,random,seed_130,100,0.015,0.0025,random,350000.0,0.8605745434761047,0.8583491444587708,-0.0025859456733927618,True,164118.4375,85.20757293701172,5745,,130,52
1370,random,seed_131,100,0.015,0.0025,random,350000.0,0.8605745434761047,0.8664610981941223,0.0068402612680594915,False,152069.734375,85.94295501708984,5844,,131,54
1370,random,seed_132,100,0.015,0.0025,random,350000.0,0.8605745434761047,0.8590397834777832,-0.0017834131975624124,True,164147.421875,85.41184997558594,5776,,132,48
1370,random,seed_133,100,0.015,0.0025,random,350000.0,0.8605745434761047,0.8534424304962158,-0.008287617887324773,True,172328.09375,84.8687744140625,5709,,133,55
1370,random,seed_134,100,0.015,0.0025,random,350000.0,0.8605745434761047,0.8538206219673157,-0.007848153957132007,True,171180.046875,84.9129409790039,5712,,134,57
1370,random,seed_135,100,0.015,0.0025,random,350000.0,0.8605745434761047,0.8756809234619141,0.017553830868375878,False,134660.921875,86.541259765625,5926,,135,45
1370,random,seed_136,100,0.015,0.0025,random,350000.0,0.8605745434761047,0.8633382320404053,0.0032114458709610614,False,156766.03125,85.6151123046875,5814,,136,53
1370,random,seed_137,100,0.015,0.0025,random,350000.0,0.8605745434761047,0.8660264015197754,0.006335137478793008,False,152239.21875,85.91422271728516,5841,,137,54
1370,random,seed_138,100,0.015,0.0025,random,350000.0,0.8605745434761047,0.8711220622062683,0.012256368504184604,False,141852.53125,86.17857360839844,5896,,138,52
1370,random,seed_139,100,0.015,0.0025,random,350000.0,0.8605745434761047,0.8583367466926575,-0.0026003520559743374,True,163560.15625,85.32084655761719,5764,,139,57
1370,random,seed_140,100,0.015,0.0025,random,350000.0,0.8605745434761047,0.8534225225448608,-0.008310751213200957,True,171261.921875,85.02490997314453,5723,,140,44
1370,random,seed_141,100,0.015,0.0025,random,350000.0,0.8605745434761047,0.8568776845932007,-0.004295803206043477,True,166569.609375,85.25601959228516,5752,,141,53
1370,random,seed_142,100,0.015,0.0025,random,350000.0,0.8605745434761047,0.8685193657875061,0.009231997822419864,False,148677.375,86.03564453125,5864,,142,58
1370,random,seed_143,100,0.015,0.0025,random,350000.0,0.8605745434761047,0.8627042174339294,0.002474711777113868,False,156977.046875,85.56790924072266,5797,,143,53
1370,random,seed_144,100,0.015,0.0025,random,350000.0,0.8605745434761047,0.8606668710708618,0.00010728599335990433,False,159260.15625,85.57693481445312,5790,,144,50
1370,random,seed_145,100,0.015,0.0025,random,350000.0,0.8605745434761047,0.8605668544769287,-8.934727658765436e-06,True,160548.03125,85.4509048461914,5780,,145,44
1370,random,seed_146,100,0.015,0.0025,random,350000.0,0.8605745434761047,0.8528027534484863,-0.009030931819370282,True,173052.8125,84.97483825683594,5714,,146,52
1370,random,seed_147,100,0.015,0.0025,random,350000.0,0.8605745434761047,0.8622766137123108,0.0019778301009589594,False,157161.359375,85.85313415527344,5821,,147,45
1370,random,seed_148,100,0.015,0.0025,random,350000.0,0.8605745434761047,0.857600212097168,-0.003456215851938403,True,165304.265625,85.23182678222656,5753,,148,57
1370,random,seed_149,100,0.015,0.0025,random,350000.0,0.8605745434761047,0.8601981401443481,-0.00043738608655119167,True,160818.640625,85.50891876220703,5789,,149,56
1370,random,seed_150,100,0.015,0.0025,random,350000.0,0.8605745434761047,0.8621963262557983,0.0018845349214523157,False,158991.078125,85.48172760009766,5791,,150,39
1370,random,seed_151,100,0.015,0.0025,random,350000.0,0.8605745434761047,0.8618114590644836,0.0014373137083310101,False,159711.609375,85.62692260742188,5801,,151,49
1370,random,seed_152,100,0.015,0.0025,random,350000.0,0.8605745434761047,0.8673566579818726,0.007880914625214147,False,146397.046875,86.0926284790039,5874,,152,45
1370,random,seed_153,100,0.015,0.0025,random,350000.0,0.8605745434761047,0.8677750825881958,0.008367130037342314,False,146349.890625,86.05384826660156,5876,,153,54
1370,random,seed_154,100,0.015,0.0025,random,350000.0,0.8605745434761047,0.8588439226150513,-0.002011006337769414,True,162636.53125,85.37035369873047,5772,,154,61
1370,random,seed_155,100,0.015,0.0025,random,350000.0,0.8605745434761047,0.8612928986549377,0.0008347390522747367,False,159871.28125,85.4378662109375,5776,,155,46
1370,random,seed_156,100,0.015,0.0025,random,350000.0,0.8605745434761047,0.8612179756164551,0.000747677403692813,False,160029.9375,85.5662841796875,5791,,156,50
1370,random,seed_157,100,0.015,0.0025,random,350000.0,0.8605745434761047,0.8577610850334167,-0.00326927918565152,True,166414.03125,85.03125,5723,,157,47
1370,random,seed_158,100,0.015,0.0025,random,350000.0,0.8605745434761047,0.8546984195709229,-0.006828140513483647,True,170133.8125,84.86902618408203,5702,,158,47
1370,random,seed_159,100,0.015,0.0025,random,350000.0,0.8605745434761047,0.8553162813186646,-0.0061101762738653325,True,169393.25,85.1135025024414,5735,,159,40
1370,random,seed_160,100,0.015,0.0025,random,350000.0,0.8605745434761047,0.8583350777626038,-0.0026022913767064725,True,164215.90625,85.29158782958984,5757,,160,51
1370,random,seed_161,100,0.015,0.0025,random,350000.0,0.8605745434761047,0.8583589792251587,-0.0025745175333641086,True,165785.515625,85.13981628417969,5748,,161,57
1370,random,seed_162,100,0.015,0.0025,random,350000.0,0.8605745434761047,0.8764930963516235,0.018497587450378498,False,134576.453125,86.70002746582031,5952,,162,38
1370,random,seed_163,100,0.015,0.0025,random,350000.0,0.8605745434761047,0.8554606437683105,-0.005942425030535644,True,169173.171875,84.92052459716797,5712,,163,51
1370,random,seed_164,100,0.015,0.0025,random,350000.0,0.8605745434761047,0.8622146248817444,0.0019057981880510832,False,157349.84375,85.60382843017578,5805,,164,51
1370,random,seed_165,100,0.015,0.0025,random,350000.0,0.8605745434761047,0.8619636297225952,0.0016141382022289029,False,158634.6875,85.47395324707031,5780,,165,42
1370,random,seed_166,100,0.015,0.0025,random,350000.0,0.8605745434761047,0.8613761067390442,0.0009314280430626168,False,160014.5625,85.43250274658203,5770,,166,40
1370,random,seed_167,100,0.015,0.0025,random,350000.0,0.8605745434761047,0.8551684617996216,-0.0062819446815687305,True,169165.328125,85.06300354003906,5732,,167,50
1370,random,seed_168,100,0.015,0.0025,random,350000.0,0.8605745434761047,0.8575451970100403,-0.003520144174644143,True,165239.28125,85.04102325439453,5721,,168,51
1370,random,seed_169,100,0.015,0.0025,random,350000.0,0.8605745434761047,0.8572309613227844,-0.0038852905639233013,True,165960.125,85.35840606689453,5763,,169,50
1370,random,seed_170,100,0.015,0.0025,random,350000.0,0.8605745434761047,0.8554536700248718,-0.00595052862073778,True,169485.828125,85.07843017578125,5736,,170,48
1370,random,seed_171,100,0.015,0.0025,random,350000.0,0.8605745434761047,0.8665908575057983,0.006991043454982998,False,152278.5,85.87837219238281,5835,,171,42
1370,random,seed_172,100,0.015,0.0025,random,350000.0,0.8605745434761047,0.8558783531188965,-0.005457040755864107,True,167784.578125,85.1608657836914,5740,,172,54
1370,random,seed_173,100,0.015,0.0025,random,350000.0,0.8605745434761047,0.8606277704238892,6.185047906416693e-05,False,159679.90625,85.49991607666016,5784,,173,52
1370,random,seed_174,100,0.015,0.0025,random,350000.0,0.8605745434761047,0.8612712621688843,0.000809597144211699,False,158913.53125,85.63587951660156,5803,,174,55
1370,random,seed_175,100,0.015,0.0025,random,350000.0,0.8605745434761047,0.855911910533905,-0.005418046556857248,True,169076.578125,85.040771484375,5729,,175,45
1370,random,seed_176,100,0.015,0.0025,random,350000.0,0.8605745434761047,0.8617022633552551,0.0013104267232855972,False,159339.109375,85.59725952148438,5798,,176,45
1370,random,seed_177,100,0.015,0.0025,random,350000.0,0.8605745434761047,0.8622639179229736,0.0019630774111037887,False,156473.859375,85.26959228515625,5745,,177,51
1370,random,seed_178,100,0.015,0.0025,random,350000.0,0.8605745434761047,0.860954999923706,0.0004420958654720913,False,159623.640625,85.63362121582031,5801,,178,52
1370,random,seed_179,100,0.015,0.0025,random,350000.0,0.8605745434761047,0.8660045266151428,0.006309718524911094,False,148016.296875,85.96125030517578,5862,,179,52
1370,random,seed_180,100,0.015,0.0025,random,350000.0,0.8605745434761047,0.8674229979515076,0.007958002624316519,False,146252.921875,86.0145034790039,5869,,180,61
1370,random,seed_181,100,0.015,0.0025,random,350000.0,0.8605745434761047,0.8568634390830994,-0.004312356693721345,True,166990.921875,85.20122528076172,5748,,181,59
1370,random,seed_182,100,0.015,0.0025,random,350000.0,0.8605745434761047,0.8563745021820068,-0.00488050840678222,True,167166.78125,85.14460754394531,5739,,182,53
1370,random,seed_183,100,0.015,0.0025,random,350000.0,0.8605745434761047,0.8729555010795593,0.014386850851344486,False,139867.53125,86.40152740478516,5924,,183,47
1370,random,seed_184,100,0.015,0.0025,random,350000.0,0.8605745434761047,0.8586845993995667,-0.0021961422062336004,True,162928.265625,85.45556640625,5778,,184,59
1370,random,seed_185,100,0.015,0.0025,random,350000.0,0.8605745434761047,0.862021267414093,0.0016811140289422842,False,158097.703125,85.34876251220703,5762,,185,49
1370,random,seed_186,100,0.015,0.0025,random,350000.0,0.8605745434761047,0.8732807636260986,0.01476481060974668,False,139643.875,86.59757995605469,5928,,186,50
1370,random,seed_187,100,0.015,0.0025,random,350000.0,0.8605745434761047,0.8563582897186279,-0.004899347522465819,True,169034.578125,85.10231018066406,5741,,187,58
1370,random,seed_188,100,0.015,0.0025,random,350000.0,0.8605745434761047,0.8583628535270691,-0.002570015538807366,True,163899.34375,85.28535461425781,5754,,188,48
1370,random,seed_189,100,0.015,0.0025,random,350000.0,0.8605745434761047,0.8563888072967529,-0.004863885657649634,True,165855.0625,85.25093078613281,5749,,189,49
1370,random,seed_190,100,0.015,0.0025,random,350000.0,0.8605745434761047,0.8594410419464111,-0.001317145084393351,True,162598.828125,84.98982238769531,5712,,190,43
1370,random,seed_191,100,0.015,0.0025,random,350000.0,0.8605745434761047,0.8550970554351807,-0.006364919904322227,True,170329.015625,85.0751724243164,5731,,191,50
1370,random,seed_192,100,0.015,0.0025,random,350000.0,0.8605745434761047,0.8564551472663879,-0.004786797658547262,True,168657.984375,84.96007537841797,5717,,192,47
1370,random,seed_193,100,0.015,0.0025,random,350000.0,0.8605745434761047,0.8635149598121643,0.0034168060842032283,False,155954.640625,85.77639770507812,5822,,193,47
1370,random,seed_194,100,0.015,0.0025,random,350000.0,0.8605745434761047,0.8568354845046997,-0.004344840315984609,True,167048.125,85.0163345336914,5725,,194,41
1370,random,seed_195,100,0.015,0.0025,random,350000.0,0.8605745434761047,0.8684611320495605,0.00916432938115929,False,144973.03125,86.10791015625,5874,,195,52
1370,random,seed_196,100,0.015,0.0025,random,350000.0,0.8605745434761047,0.857153058052063,-0.00397581528524118,True,165678.875,85.25015258789062,5742,,196,46
1370,random,seed_197,100,0.015,0.0025,random,350000.0,0.8605745434761047,0.8643687963485718,0.004408976423054507,False,152973.84375,85.78662872314453,5834,,197,49
1370,random,seed_198,100,0.015,0.0025,random,350000.0,0.8605745434761047,0.8599646687507629,-0.000708683204685953,True,161901.390625,85.61756134033203,5796,,198,43
1370,random,seed_199,100,0.015,0.0025,random,350000.0,0.8605745434761047,0.8581802248954773,-0.0027822326360667253,True,163879.703125,85.264404296875,5749,,199,51
